run_date,companies_scanned,companies_failed,jobs_fetched,israel_matched,judged_keyword,judged_llm,judged_cache,judged_failed,judged_skipped,merged_copy,accepted,after_merge,store_records,open,closed_today,purged,alive,board_rendered,email_new,first_scan,email_overflow,sent_total
2026-08-30,1099,2,34178,8022,6802,63,390,0,0,767,136,96,172,109,,7,109,109,6,6,0,88
2026-08-31,1102,2,35280,7907,6639,192,252,0,0,824,158,115,193,119,13,17,119,119,24,14,0,88
2026-09-01,1130,6,35449,7868,6612,372,86,0,0,798,158,115,203,123,4,17,123,123,10,6,0,117
2026-09-02,1153,,36490,8331,6965,376,102,0,0,888,163,125,221,129,1,17,129,126,17,4,0,128
2026-09-03,1195,,36753,8560,7146,89,401,0,0,924,167,123,224,121,9,17,121,119,5,3,0,147
2026-09-04,1222,,36785,8692,7162,92,483,0,0,955,180,131,233,126,1,17,126,123,10,3,0,155
2026-09-05,1238,,37143,8946,7352,12,573,0,0,1009,181,132,235,128,,17,128,125,2,1,0,169
2026-09-06,1256,4,37719,9037,7425,9,580,0,0,1023,181,132,236,129,,17,129,127,3,0,0,171
2026-09-07,1301,17,38462,9341,7649,28,579,0,0,1085,186,136,241,134,2,17,134,132,7,2,0,175
2026-09-08,1319,4,39270,9635,7906,30,585,0,0,1114,191,142,247,138,2,17,138,134,5,0,0,184
2026-09-09,1336,18,39613,9553,7846,35,587,0,0,1085,191,145,255,144,2,17,144,141,9,0,0,192
2026-09-10,1348,4,39864,9958,8185,25,619,0,0,1129,200,148,260,146,3,17,146,141,3,0,0,206
2026-09-11,1363,2,40493,10134,8280,25,629,0,0,1200,196,147,262,144,4,17,144,140,2,0,0,212
2026-09-12,1366,1,41046,10577,8586,24,621,0,0,1346,194,141,263,130,7,17,130,128,2,1,0,214
2026-09-13,1383,2,41107,10582,8576,7,633,0,0,1366,192,142,264,129,1,17,129,126,0,0,0,217
2026-09-14,1393,2,41951,10886,8853,27,625,0,0,1381,197,144,268,130,4,17,130,126,5,1,0,217
2026-09-15,1407,2,43454,11052,8999,23,640,0,0,1390,205,147,273,134,1,17,134,130,6,1,0,225
2026-09-16,1412,,43449,10984,8932,22,639,0,0,1391,197,142,279,139,1,17,139,134,5,0,0,235
2026-09-17,1422,3,41578,11127,9065,20,634,0,0,1408,196,145,286,137,10,17,137,130,4,0,0,243
2026-09-18,1430,7,42800,10966,8966,22,636,0,0,1342,191,142,289,136,4,17,136,131,3,1,0,249
2026-09-19,1430,1,42988,11178,9103,375,281,0,0,1417,202,142,292,129,5,17,132,126,2,2,0,253
2026-09-20,1445,2,43296,11304,9247,240,424,0,0,1391,209,149,295,133,1,17,133,130,3,1,0,255
2026-09-21,1467,2,44066,11298,9254,3,644,0,0,1396,207,145,295,133,,17,133,130,0,0,0,259
