role_id,company,company_registry,title,location,url,status,posted_date,first_seen,last_seen,date_estimate,date_basis,days_observed,closed_on,emailed,emailed_on,episodes,reposts,repost_dates,sources,host,seniority_title,years_experience,family,track,degree_level,degree_status,degree_fields,ai,skills,class_decision,class_path,class_contract,description_len,description_truncated,description_sha1,description_quality,description_blocker,sector,sub_sector,stage,stage_note,size_band,employees_global,founded,business_model,customer_type,il_center,firmo_as_of,firmo_match,skills_bi,skills_query,skills_de,skills_pa,skills_prog,skills_method,skills_cloud,skills_lang
365scores|data scientist,365Scores,365Scores,Data Scientist,"Tel Aviv-Yafo, Tel Aviv District, IL",https://www.comeet.com/jobs/365scores/B3.006/data-scientist/AB.560,open,2026-08-30,2026-09-27,2026-09-27,2026-08-30,posted_date,1,,false,,1,0,,comeet,www.comeet.com,unknown,5,Data Science,IC,PhD,required,,,A/B testing;Machine learning,accept,keyword_nollm,v3.0a439b16,1964,false,41e829b5f67d68eeff606bda2bd1b31ee498534f,jd,,,,,,,,,,,,,none,,,,,,A/B testing;Machine learning,,
365scores|senior data analyst,365Scores,365Scores,Senior Data Analyst,"Tel Aviv-Yafo, Tel Aviv District, IL",https://www.comeet.com/jobs/365scores/B3.006/senior-data-analyst/BC.A60,open,2026-09-24,2026-09-27,2026-09-27,2026-09-24,posted_date,1,,false,,1,0,,comeet,www.comeet.com,senior,3,Data Analyst,IC,BSc,required,Industrial Eng.;Info Systems;Statistics,,SQL;Snowflake;BigQuery;Redshift;Python;Looker;Data modeling;A/B testing;Statistics;Dashboards;English,accept,keyword,v3.0a439b16,3630,false,955a77612cb9deaae731b749609bea8f9a28b1f2,jd,,,,,,,,,,,,,none,Looker,BigQuery;Redshift;SQL;Snowflake,Data modeling,,Python,A/B testing;Dashboards;Statistics,,English
aidoc|senior product analyst,Aidoc,Aidoc,Senior Product Analyst,"Tel Aviv-Yafo, Tel Aviv District, Israel",https://job-boards.eu.greenhouse.io/aidocmedical/jobs/4868634101,open,2026-08-13,2026-09-27,2026-09-27,2026-08-13,posted_date,1,,false,,1,0,,greenhouse,job-boards.eu.greenhouse.io,senior,5,Product Analyst,IC,BSc,required,,,Cohorts & LTV;Dashboards,accept,keyword,v3.0a439b16,3970,false,c0e5d3e5ed1105318d7e8321711ccd077c09d18f,jd,,,,,,,,,,,,,none,,,,,,Cohorts & LTV;Dashboards,,
aidoc|strategic product analyst,Aidoc,Aidoc,Strategic Product Analyst,"Tel Aviv-Yafo, Tel Aviv District, Israel",https://job-boards.eu.greenhouse.io/aidocmedical/jobs/4952195101,open,2026-08-17,2026-09-27,2026-09-27,2026-08-17,posted_date,1,,true,2026-08-17,1,0,,greenhouse,job-boards.eu.greenhouse.io,unknown,5,Product Analyst,IC,BSc,required,,,Data modeling,accept,keyword_nollm,v3.0a439b16,4821,false,110f10d522467797d1047235b809642103b3b59d,jd,,,,,,,,,,,,,none,,,Data modeling,,,,,
airwallex|senior kyc analyst onboarding operations emea,Airwallex,Airwallex,"Senior KYC Analyst, Onboarding operations, EMEA","IL - Tel Aviv, Gush Dan",https://jobs.ashbyhq.com/airwallex/ebeeb22d-09b4-444a-a4f4-e5629d46970c,open,2026-09-08,2026-09-27,2026-09-27,2026-09-08,posted_date,1,,false,,1,0,,ashby,jobs.ashbyhq.com,senior,4,Data Analyst,IC,MSc,required,,,Excel;CRM/Salesforce;English,accept,keyword_nollm,v3.0a439b16,6000,true,56a9fc4f7176352454de1046b1943a8af1345a5d,jd,,,,,,,,,,,,,none,Excel,,,CRM/Salesforce,,,,English
alice formerly activefence|fraud threat analyst,Alice (Formerly ActiveFence),Alice (Formerly ActiveFence),Fraud Threat Analyst,"Ramat Gan, Tel Aviv District, IL",https://www.comeet.com/jobs/alice/D5.005/fraud-threat-analyst/15.766,open,2026-09-24,2026-09-27,2026-09-27,2026-09-24,posted_date,1,,false,,1,0,,comeet,www.comeet.com,unknown,3,Data Analyst,IC,,,,,English,accept,keyword_nollm,v3.0a439b16,2704,false,6d549259a5a78575fc4d5492d6cf86048779ed65,jd,,,,,,,,,,,,,none,,,,,,,,English
alice formerly activefence|technical fraud threat analyst,Alice (Formerly ActiveFence),Alice (Formerly ActiveFence),Technical Fraud Threat Analyst,"Ramat Gan, Tel Aviv District, IL",https://www.comeet.com/jobs/alice/D5.005/technical-fraud-threat-analyst/92.E62,open,2026-09-24,2026-09-27,2026-09-27,2026-09-24,posted_date,1,,false,,1,0,,comeet,www.comeet.com,unknown,3,Data Analyst,IC,,,,,Python;English,accept,keyword_nollm,v3.0a439b16,3779,false,d25f231c506c22523a3af01a8109f47e9f64ec5c,jd,,,,,,,,,,,,,none,,,,,Python,,,English
alma lasers|total rewards people analytics lead,Alma Lasers,Alma Lasers,Total Rewards & People Analytics Lead,"Caesarea, Haifa District, IL",https://www.comeet.com/jobs/almalasers/67.006/total-rewards--people-analytics-lead/CE.F6D,open,2026-09-01,2026-09-27,2026-09-27,2026-09-01,posted_date,1,,false,,1,0,,comeet,www.comeet.com,senior,4,Data Analyst,Lead,,,,,Excel;English,accept,keyword,v3.0a439b16,2193,false,268a5ee437d80e17aeddacada604b8f3a413c3aa,jd,,,,,,,,,,,,,none,Excel,,,,,,,English
amazon|applied scientist agentic ai aws agentic ai,Amazon,Amazon,"Applied scientist, Agentic AI, AWS Agentic AI","Tel Aviv-Yafo, Tel Aviv, ISR",https://www.amazon.jobs/en/jobs/10475004/applied-scientist-agentic-ai-aws-agentic-ai,open,2026-07-15,2026-09-27,2026-09-27,2026-07-15,posted_date,1,,false,,1,0,,custom_json,www.amazon.jobs,unknown,3,Data Science,IC,MSc,required,,,Python;Java;AWS,accept,keyword_nollm,v3.0a439b16,2685,false,b12473e8040126c76eb42f5092bb0cfdf3368778,jd,,,,,,,,,,,,,none,,,,,Java;Python,,AWS,
amazon|soc power analysis and optimization engineer graviton team,Amazon,Amazon,"SoC Power Analysis and Optimization Engineer, Graviton Team","Tel Aviv-Yafo, Tel Aviv, ISR",https://www.amazon.jobs/en/jobs/3155214/soc-power-analysis-and-optimization-engineer-graviton-team,open,2026-01-08,2026-09-27,2026-09-27,2026-01-08,posted_date,1,,false,,1,0,,custom_json,www.amazon.jobs,unknown,4,Other,IC,BSc,required,Engineering,,Python;AWS,accept,keyword_nollm,v3.0a439b16,6000,true,733d248dd5cd674ac4fa90598c3745d90d83aab2,jd,,,,,,,,,,,,,none,,,,,Python,,AWS,
amazon|sr gtm ssa analytics emea gtm data and ai specialists solutions architecture,Amazon,Amazon,"Sr GTM SSA Analytics, EMEA GTM Data and AI Specialists Solutions Architecture","Tel Aviv-Yafo, Tel Aviv, ISR",https://www.amazon.jobs/en/jobs/3200095/sr-gtm-ssa-analytics-emea-gtm-data-and-ai-specialists-solutions-architecture,open,2026-03-09,2026-09-27,2026-09-27,2026-03-09,posted_date,1,,false,,1,0,,custom_json,www.amazon.jobs,senior,10,Data Science,IC,,,,,Google Tag Manager;SSIS/SSAS;Data warehouse;AWS;Machine learning,accept,keyword_nollm,v3.0a439b16,6000,true,dd3495e3c45b96a39d94555e6b76731c3a0ddc94,jd,,,,,,,,,,,,,none,,,Data warehouse;SSIS/SSAS,Google Tag Manager,,Machine learning,AWS,
appsflyer|business analyst,AppsFlyer,AppsFlyer,Business Analyst,Herzliya,https://careers.appsflyer.com/jobs/position/8816205002?gh_jid=8816205002,open,2026-09-17,2026-09-27,2026-09-27,2026-09-17,posted_date,1,,false,,1,0,,greenhouse,careers.appsflyer.com,unknown,3,Business Analyst,IC,,,,,SQL;BigQuery;Presto/Trino/Athena;Python;Excel;AppsFlyer/MMP;CRM/Salesforce;Jira;Dashboards,accept,keyword_nollm,v3.0a439b16,2969,false,be2fa3748282d45cb768dd62a03157996e0b478e,jd,,,,,,,,,,,,,none,Excel,BigQuery;Presto/Trino/Athena;SQL,,AppsFlyer/MMP;CRM/Salesforce;Jira,Python,Dashboards,,
arpeely|data scientist team lead,Arpeely,Arpeely,Data Scientist Team Lead,"Tel Aviv-Jaffa, Tel Aviv District, IL",https://www.comeet.com/jobs/arpeely/57.001/data-scientist-team-lead/9A.F66,open,2026-08-30,2026-09-27,2026-09-27,2026-08-30,posted_date,1,,false,,1,0,,comeet,www.comeet.com,senior,4,Data Science,Lead,BSc,required,CS;Statistics;Math,,Python;Tableau;Looker;Statistics;Machine learning;Dashboards,accept,keyword_nollm,v3.0a439b16,3343,false,80c90c9f6f510b104e57b24cd81d64ee19b90f0e,jd,,,,,,,,,,,,,none,Looker;Tableau,,,,Python,Dashboards;Machine learning;Statistics,,
arpeely|product data analyst,Arpeely,Arpeely,Product Data Analyst,"Tel Aviv-Jaffa, Tel Aviv District, IL",https://www.comeet.com/jobs/arpeely/57.001/product-data-analyst/50.373,open,2026-09-23,2026-09-27,2026-09-27,2026-09-23,posted_date,1,,false,,1,0,,comeet,www.comeet.com,unknown,3,Data Analyst,IC,,,,,SQL;Python;Data modeling;A/B testing;Statistics;Dashboards,accept,keyword_nollm,v3.0a439b16,4984,false,c700a5a32800808a9e65bc31c3ccbfd83aa01ed9,jd,,,,,,,,,,,,,none,,SQL,Data modeling,,Python,A/B testing;Dashboards;Statistics,,
artlist|product analyst,Artlist,Artlist,Product Analyst,"Tel Aviv-Yafo, Tel Aviv District, IL",https://www.comeet.com/jobs/artlist/85.003/product-analyst/AE.F65,open,2026-09-26,2026-09-27,2026-09-27,2026-09-26,posted_date,1,,true,2026-08-23,1,0,,comeet,www.comeet.com,unknown,3,Product Analyst,IC,,,,,English,accept,keyword_nollm,v3.0a439b16,3143,false,b10166288a8cbfa06143ff5becdb56deacddfbf7,jd,,,,,,,,,,,,,none,,,,,,,,English
autods|senior marketing analyst,autods,autods,Senior Marketing Analyst,Tel Aviv,https://job-boards.greenhouse.io/autods/jobs/5417867008,open,2026-09-17,2026-09-27,2026-09-27,2026-09-17,posted_date,1,,true,2026-09-09,1,0,,greenhouse,job-boards.greenhouse.io,senior,5,Marketing Analyst,IC,,,,,SQL;Tableau;A/B testing;Forecasting;Cohorts & LTV,accept,keyword,v3.0a439b16,2221,false,00f953191876cbe84e63000060bc2154d02af151,jd,,,,,,,,,,,,,none,Tableau,SQL,,,,A/B testing;Cohorts & LTV;Forecasting,,
autofleet|data analyst,Autofleet,Autofleet,Data Analyst,"Tel Aviv-Yafo, Tel Aviv District, Israel",https://apply.workable.com/j/144092745E,open,2026-07-06,2026-09-27,2026-09-27,2026-07-06,posted_date,1,,false,,1,0,,workable,apply.workable.com,unknown,5,Data Analyst,IC,,,,,SQL;Python;Tableau;Power BI;Looker;Mixpanel;Airflow;Dashboards;English,accept,keyword_nollm,v3.0a439b16,2803,false,3d10837c103d7634e1ed840149130a708b92ae48,jd,,,,,,,,,,,,,none,Looker;Mixpanel;Power BI;Tableau,SQL,Airflow,,Python,Dashboards,,English
axonius|senior cyber data analyst,Axonius,Axonius,Senior Cyber Data Analyst,"Tel Aviv, Israel",https://www.axonius.com/company/careers/open-jobs?gh_jid=7995553003,open,2026-09-23,2026-09-27,2026-09-27,2026-09-23,posted_date,1,,false,,1,0,,greenhouse,www.axonius.com,senior,4,Data Analyst,IC,,,,,SQL;Python,accept,keyword,v3.0a439b16,4144,false,b266f9dcc76af595b3a3c1f483a2bb4823c0d5ac,jd,,,,,,,,,,,,,none,,SQL,,,Python,,,
biocatch|data scientist,BioCatch,BioCatch,Data Scientist,Tel-Aviv,https://jobs.lever.co/biocatch/8e12c75f-1556-433e-9c45-76bda24ea5ca,open,2026-02-17,2026-09-27,2026-09-27,2026-02-17,posted_date,1,,false,,1,0,,lever,jobs.lever.co,unknown,,Data Science,IC,,,,,Statistics;Machine learning;Dashboards,accept,keyword_nollm,v3.0a439b16,1997,false,50d7550f37c2112c4e55c03d77503f76fd930076,jd,,,,,,,,,,,,,none,,,,,,Dashboards;Machine learning;Statistics,,
blockaid|security data analyst,Blockaid,Blockaid,Security Data Analyst,"Tel Aviv-Yafo, Tel Aviv District, IL",https://www.comeet.com/jobs/blockaid/69.00B/security-data-analyst/36.F5E,open,2026-09-16,2026-09-27,2026-09-27,2026-09-16,posted_date,1,,true,2026-09-07,1,0,,comeet,www.comeet.com,unknown,5,Data Analyst,IC,,,,,SQL;Python;Tableau;Looker;Dashboards,accept,keyword_nollm,v3.0a439b16,2404,false,2f476b955d038ba3f37ae0739f664a40340e84b5,jd,,,,,,,,,,,,,none,Looker;Tableau,SQL,,,Python,Dashboards,,
brandlight|senior data analyst,Brandlight,Brandlight,Senior Data Analyst,"TLV Office, Tel Aviv District",https://jobs.ashbyhq.com/brandlight/13d574e2-3834-437c-9b5f-1254cb942460,open,2026-09-15,2026-09-27,2026-09-27,2026-09-15,posted_date,1,,true,2026-09-16,1,0,,ashby,jobs.ashbyhq.com,senior,4,Data Analyst,IC,,,,,SQL;Python;R;Statistics,accept,keyword,v3.0a439b16,3485,false,5d64a88e32f689f9ec71d08ed57d489ddb3d3946,jd,,,,,,,,,,,,,none,,SQL,,,Python;R,Statistics,,
brightdata|secops analyst,brightdata,brightdata,SecOps Analyst,"Netanya, Center District, IL",https://www.comeet.com/jobs/brightdata/88.007/secops-analyst/70.E65,open,2026-09-26,2026-09-27,2026-09-27,2026-09-26,posted_date,1,,false,,1,0,,comeet,www.comeet.com,unknown,2,Data Analyst,IC,,,,,Splunk;English,accept,keyword_nollm,v3.0a439b16,2874,false,b6c47b1f53c226ac2b9fd1576591708f7ef12c9b,jd,,,,,,,,,,,,,none,,Splunk,,,,,,English
cato networks|gtm business analyst marketing,Cato Networks,Cato Networks,GTM Business Analyst - Marketing,"Tel Aviv District, Israel",https://www.catonetworks.com/careers/careers-post/4969554101?gh_jid=4969554101,open,2026-09-09,2026-09-27,2026-09-27,2026-09-09,posted_date,1,,true,2026-09-10,1,0,,greenhouse,www.catonetworks.com,unknown,3,Business Analyst,IC,,,,,SQL;Snowflake;Tableau;Power BI;Looker;Google Analytics;Google Tag Manager;CRM/Salesforce;Braze/Iterable;dbt;Data modeling;A/B testing;Dashboards,accept,keyword_nollm,v3.0a439b16,4334,false,bf8708a1ef42038f47f2186216cf37cad5ba1ed4,jd,,,,,,,,,,,,,none,Google Analytics;Looker;Power BI;Tableau,SQL;Snowflake,Data modeling;dbt,Braze/Iterable;CRM/Salesforce;Google Tag Manager,,A/B testing;Dashboards,,
chainalysis|intelligence analyst fraud researcher,Chainalysis,Chainalysis,Intelligence Analyst - Fraud Researcher,Tel Aviv Office,https://jobs.ashbyhq.com/chainalysis-careers/2cf26399-8db1-48af-adfa-3c51b923e12d,open,2026-07-21,2026-09-27,2026-09-27,2026-07-21,posted_date,1,,false,,1,0,,ashby,jobs.ashbyhq.com,unknown,2,Data Analyst,IC,,,,,SQL;Python;English,accept,keyword_nollm,v3.0a439b16,4576,false,6f49417b5c32cb551f0116c742d76ce8e031cf3e,jd,,,,,,,,,,,,,none,,SQL,,,Python,,,English
chainalysis|intelligence analyst threat hunter,Chainalysis,Chainalysis,Intelligence Analyst - Threat Hunter,Tel Aviv Office,https://jobs.ashbyhq.com/chainalysis-careers/63b555b7-0b53-4355-8b51-fd53302dde3d,open,2026-07-21,2026-09-27,2026-09-27,2026-07-21,posted_date,1,,false,,1,0,,ashby,jobs.ashbyhq.com,unknown,2,Data Analyst,IC,,,,,SQL;Python;English,accept,keyword_nollm,v3.0a439b16,4704,false,97ad8443d1ad9908145b9932c3d46dc10caf1f93,jd,,,,,,,,,,,,,none,,SQL,,,Python,,,English
check point|cyber threat intelligence analyst,Check Point Software,Check Point Software,Cyber Threat Intelligence Analyst,"Tel Aviv-Yafo, Tel Aviv District, Israel",https://jobs.smartrecruiters.com/CheckPointSoftwareTechnologies2/744000147361449,open,2026-09-03,2026-09-27,2026-09-27,2026-09-03,posted_date,1,,false,,1,0,,smartrecruiters,jobs.smartrecruiters.com,unknown,1,Data Analyst,IC,,,,,Excel;English,accept,keyword_nollm,v3.0a439b16,1927,false,21ec5f0c83f3017f8ceeca5054df796b0fd12407,jd,,,,,,,,,,,,,none,Excel,,,,,,,English
check point|cyber threat intelligence analyst french speaker,Check Point Software,Check Point Software,Cyber Threat Intelligence Analyst - French speaker,"Tel Aviv, , Israel",https://jobs.smartrecruiters.com/CheckPointSoftwareTechnologies2/744000138849649,open,2026-07-21,2026-09-27,2026-09-27,2026-07-21,posted_date,1,,false,,1,0,,smartrecruiters,jobs.smartrecruiters.com,unknown,1,Data Analyst,IC,,,,,Excel;English,accept,keyword_nollm,v3.0a439b16,2029,false,a0c4393a4dcdf61777ac74e17aeee383bfbbf95b,jd,,,,,,,,,,,,,none,Excel,,,,,,,English
check point|total rewards analyst temporary position 3 months,Check Point Software,Check Point Software,Total Rewards Analyst - Temporary Position (3 months),"Tel Aviv-Yafo, Tel Aviv District, Israel",https://jobs.smartrecruiters.com/CheckPointSoftwareTechnologies2/744000148305224,open,2026-09-08,2026-09-27,2026-09-27,2026-09-08,posted_date,1,,true,2026-09-09,1,0,,smartrecruiters,jobs.smartrecruiters.com,unknown,,Data Analyst,IC,BSc,required,Industrial Eng.;Statistics;Economics,,Excel;Power BI;Statistics;Dashboards;English,accept,keyword_nollm,v3.0a439b16,5624,false,10b385b5e925e261acbed2f7bd715d5069fac4e1,jd,,,,,,,,,,,,,none,Excel;Power BI,,,,,Dashboards;Statistics,,English
checkout com|fraud data analyst,Checkout.com,Checkout.com,Fraud Data Analyst,"Tel Aviv, Tel Aviv-Yafo",https://jobs.ashbyhq.com/checkout.com/9bf673a0-8e9e-41f2-87c2-00494b72e915,open,2026-08-26,2026-09-27,2026-09-27,2026-08-26,posted_date,1,,true,2026-08-23,1,0,,ashby,jobs.ashbyhq.com,unknown,3,Data Analyst,IC,,,,,SQL;Python;English,accept,keyword_nollm,v3.0a439b16,4475,false,a349da54e4bcd21762702d496239d0edd8ef531d,jd,,,,,,,,,,,,,none,,SQL,,,Python,,,English
checkout com|fraud data scientist,Checkout.com,Checkout.com,Fraud Data Scientist,"Tel Aviv, Tel Aviv-Yafo",https://jobs.ashbyhq.com/checkout.com/c24c7a1c-22fb-4d80-8992-524feb50025f,open,2026-07-08,2026-09-27,2026-09-27,2026-07-08,posted_date,1,,false,,1,0,,ashby,jobs.ashbyhq.com,unknown,3,Data Science,IC,,,,,SQL;BigQuery;Databricks;Python;SageMaker/Vertex AI;Airflow;A/B testing;Machine learning,accept,keyword_nollm,v3.0a439b16,5095,false,ab81a16302be0d98450aea631a1b48129be6ac5c,jd,,,,,,,,,,,,,none,,BigQuery;Databricks;SQL,Airflow,,Python;SageMaker/Vertex AI,A/B testing;Machine learning,,
checkout com|senior fraud analyst,Checkout.com,Checkout.com,Senior Fraud Analyst,"Tel Aviv, Tel Aviv-Yafo",https://jobs.ashbyhq.com/checkout.com/28cbc360-6f78-4c26-8b53-7cb334a0b21a,open,2026-09-26,2026-09-27,2026-09-27,2026-09-26,posted_date,1,,false,,1,0,,ashby,jobs.ashbyhq.com,senior,5,Business Analyst,IC,,,,,SQL;Python;English,accept,keyword_nollm,v3.0a439b16,4483,false,fd07be312ceb919b084cce1deae164635de3b7ff,jd,,,,,,,,,,,,,none,,SQL,,,Python,,,English
clarivate|senior solutions analyst,Clarivate,Clarivate,Senior Solutions Analyst,ISR- Jerusalem (PQ),https://clarivate.wd3.myworkdayjobs.com/Clarivate_Careers/job/ISR--Jerusalem-PQ/Senior-Solutions-Analyst_JREQ136418-1,open,2026-09-11,2026-09-27,2026-09-27,2026-09-11,posted_date,1,,false,,1,0,,workday,clarivate.wd3.myworkdayjobs.com,senior,5,Data Analyst,IC,BSc,required,,,Data modeling,accept,keyword_nollm,v3.0a439b16,3717,false,54a6fb035185ede1772da7309624ec062e5ae4ad,jd,,,,,,,,,,,,,none,,,Data modeling,,,,,
clover security|senior ai analyst,Clover Security,Clover Security,Senior AI Analyst,"Tel Aviv-Yafo, Tel Aviv District, IL",https://www.comeet.com/jobs/clover_security/7A.00A/senior-ai-analyst/1D.B6D,open,2026-07-23,2026-09-27,2026-09-27,2026-07-23,posted_date,1,,false,,1,0,,comeet,www.comeet.com,senior,5,Data Science,IC,,,,,SQL;Python,accept,keyword_nollm,v3.0a439b16,2662,false,f66c5ebd9dd3ecb859222374685a2c685b93659a,jd,,,,,,,,,,,,,none,,SQL,,,Python,,,
compugen|senior scientist antibody engineering discovery,Compugen,Compugen,"Senior Scientist, Antibody Engineering & Discovery","Holon, Center District, IL",https://www.comeet.com/jobs/cgen/D9.00E/senior-scientist-antibody-engineering--discovery/05.F67,open,2026-09-16,2026-09-27,2026-09-27,2026-09-16,posted_date,1,,false,,1,0,,comeet,www.comeet.com,senior,6,Other,IC,MSc,required,Life Sciences,,English,accept,keyword_nollm,v3.0a439b16,3488,false,2a2476e43377da7c4301bd9afba4250ce6c44853,jd,,,,,,,,,,,,,none,,,,,,,,English
connecteam|data analyst,Connecteam,Connecteam,Data Analyst,"Tel Aviv District, Israel",https://connecteam.com/careers/6192748004?gh_jid=6192748004,open,2026-09-22,2026-09-27,2026-09-27,2026-09-22,posted_date,1,,true,2026-09-16,1,0,,greenhouse,connecteam.com,unknown,3,Data Analyst,IC,,,,,SQL;BigQuery;Python;Looker;dbt;Git;Workato/Zapier/Make;A/B testing;Statistics;Dashboards,accept,keyword_nollm,v3.0a439b16,5104,false,9212b85a8e20f468ef220033339c6ec8c5f19f07,jd,,,,,,,,,,,,,none,Looker,BigQuery;SQL,Git;Workato/Zapier/Make;dbt,,Python,A/B testing;Dashboards;Statistics,,
connecteam|data analytics team lead,Connecteam,Connecteam,Data Analytics Team Lead,"Tel Aviv District, Israel",https://connecteam.com/careers/6192750004?gh_jid=6192750004,open,2026-09-16,2026-09-27,2026-09-27,2026-09-16,posted_date,1,,true,2026-09-16,1,0,,greenhouse,connecteam.com,senior,5,Data Analyst,Lead,,,,,SQL;BigQuery;Python;Looker;dbt;Data modeling;Git;Workato/Zapier/Make;A/B testing;Statistics;Dashboards,accept,keyword,v3.0a439b16,5192,false,446ec2712798f9f14191da0cd1eeb1dd05b1742f,jd,,,,,,,,,,,,,none,Looker,BigQuery;SQL,Data modeling;Git;Workato/Zapier/Make;dbt,,Python,A/B testing;Dashboards;Statistics,,
cust2mate a2z nasdaq az|data team lead,Cust2Mate - A2Z (NASDAQ: AZ),Cust2Mate - A2Z (NASDAQ: AZ),Data Team Lead,"Giv'atayim, Tel Aviv District, IL",https://www.comeet.com/jobs/cust2mate/6A.00D/data-team-lead/9D.174,open,2026-09-17,2026-09-27,2026-09-27,2026-09-17,posted_date,1,,false,,1,0,,comeet,www.comeet.com,senior,6,Other,Lead,,,,,SQL;BigQuery;PostgreSQL;MongoDB;Python;ETL;Airflow;Data modeling;Data warehouse;GCP;Machine learning,accept,keyword_nollm,v3.0a439b16,5277,false,2dc535e025e5ba2307fd38a95fc7cf72e4dc1f99,jd,,,,,,,,,,,,,none,,BigQuery;MongoDB;PostgreSQL;SQL,Airflow;Data modeling;Data warehouse;ETL,,Python,Machine learning,GCP,
cyera|technical competitive intelligence analyst,Cyera,Cyera,Technical Competitive Intelligence Analyst,"Tel Aviv-Yafo, Tel Aviv District, IL",https://www.comeet.com/jobs/cyera/17.008/technical-competitive-intelligence-analyst/75.279,open,2026-09-09,2026-09-27,2026-09-27,2026-09-09,posted_date,1,,false,,1,0,,comeet,www.comeet.com,unknown,3,Data Analyst,IC,,,,,,accept,keyword_nollm,v3.0a439b16,3785,false,490fa03baccb792a641aca1239cbc2333fc3fcd1,jd,,,,,,,,,,,,,none,,,,,,,,
d fend solutions|market intelligence analyst drone counter drone systems,D-Fend Solutions,D-Fend Solutions,Market Intelligence Analyst (Drone & Counter-Drone Systems),"Raanana, Center District",https://jobs.lever.co/d-fendsolutions/6a52d9de-ec0e-48f7-8c4f-ba409b0dd256,open,2026-03-05,2026-09-27,2026-09-27,2026-03-05,posted_date,1,,false,,1,0,,lever,jobs.lever.co,unknown,5,Data Analyst,IC,BSc,required,Economics;Engineering;Business,,English,accept,keyword_nollm,v3.0a439b16,4685,false,a589859ebc02d21007bf16a3f20335949abc6d60,jd,,,,,,,,,,,,,none,,,,,,,,English
digital turbine|senior data scientist,Digital Turbine,Digital Turbine,Senior Data Scientist,Israel - Petah Tikva,https://digitalturbine.wd501.myworkdayjobs.com/Digital_Turbine_External_Careers/job/Israel---Petah-Tikva/Senior-Data-Scientist_JR101044,open,2026-08-28,2026-09-27,2026-09-27,2026-08-28,posted_date,1,,true,2026-09-12,1,0,,workday,digitalturbine.wd501.myworkdayjobs.com,senior,8,Data Science,IC,,,,,SQL;Databricks;Spark;Python;R;A/B testing;Statistics;Machine learning;Cohorts & LTV,accept,keyword_nollm,v3.0a439b16,4823,false,8ecce1672538ffb2f75d8af50823226d92d054ab,jd,,,,,,,,,,,,,none,,Databricks;SQL;Spark,,,Python;R,A/B testing;Cohorts & LTV;Machine learning;Statistics,,
digital turbine|senior data scientist research code impact,Digital Turbine,Digital Turbine,"Senior Data Scientist | Research, Code & Impact",Israel - Petah Tikva,https://digitalturbine.wd501.myworkdayjobs.com/Digital_Turbine_External_Careers/job/Israel---Petah-Tikva/Senior-Data-Scientist_JR100618,open,2026-08-28,2026-09-27,2026-09-27,2026-08-28,posted_date,1,,false,,1,0,,workday,digitalturbine.wd501.myworkdayjobs.com,senior,5,Data Science,IC,MSc,required,,,Spark;Python;Machine learning,accept,keyword_nollm,v3.0a439b16,4462,false,06cf8628621e19dfd862d2faaff726bdf9fe1bd6,jd,,,,,,,,,,,,,none,,Spark,,,Python,Machine learning,,
discount bank|מנהל ת פרויקטים בפיתוח ראש ת צוות במחלקת דאטה תשתיות ופיתוח חטיבת טכנולוגיות,Discount Bank,Discount Bank,מנהל.ת פרויקטים בפיתוח ראש.ת צוות במחלקת דאטה תשתיות ופיתוח - חטיבת טכנולוגיות,"ראשון לציון, מרכז, ישראל",https://ehsb.fa.em2.oraclecloud.com/hcmUI/CandidateExperience/en/sites/CX_3001/job/4957,open,2026-02-12,2026-09-27,2026-09-27,2026-02-12,posted_date,1,,false,,1,0,,oraclehcm,ehsb.fa.em2.oraclecloud.com,senior,,Other,IC,,,,,GCP,accept,keyword_nollm,v3.0a439b16,509,false,dc967e6c550946de12e4096bf5a6dbde6ccb69df,jd,,,,,,,,,,,,,none,,,,,,,GCP,
doitintl|engineering manager analytics house,doitintl,doitintl,Engineering Manager -Analytics House,Remote Israel,https://job-boards.greenhouse.io/doitintl/jobs/7885217003,open,2026-08-17,2026-09-27,2026-09-27,2026-08-17,posted_date,1,,false,,1,0,,greenhouse,job-boards.greenhouse.io,senior,10,Data Analyst,Lead,,,,,SQL;BigQuery;Google Tag Manager;AWS;GCP;Azure,accept,keyword_nollm,v3.0a439b16,6000,true,094f56f8f896a475dc24f843e8dbd2fdba12d7d2,jd,,,,,,,,,,,,,none,,BigQuery;SQL,,Google Tag Manager,,,AWS;Azure;GCP,
doitintl|product analyst,doitintl,doitintl,Product Analyst,Remote Israel,https://job-boards.greenhouse.io/doitintl/jobs/7983275003,open,2026-09-17,2026-09-27,2026-09-27,2026-09-17,posted_date,1,,true,2026-09-02,1,0,,greenhouse,job-boards.greenhouse.io,unknown,5,Product Analyst,IC,,,,,SQL;Looker;Mixpanel;dbt;Data modeling;AWS;GCP;Azure;Cohorts & LTV;Dashboards,accept,keyword_nollm,v3.0a439b16,6000,true,f6ed0fde962de81d91f74e83e1886c77dadd977b,jd,,,,,,,,,,,,,none,Looker;Mixpanel,SQL,Data modeling;dbt,,,Cohorts & LTV;Dashboards,AWS;Azure;GCP,
enlight renewable energy|business performance planning analyst,Enlight Renewable Energy,Enlight Renewable Energy,Business Performance & Planning Analyst,"Rosh Haayin, Center District, IL",https://www.comeet.com/jobs/enlightenergy/99.006/business-performance--planning-analyst/C4.279,open,2026-09-24,2026-09-27,2026-09-27,2026-09-24,posted_date,1,,false,,1,0,,comeet,www.comeet.com,unknown,6,Data Analyst,IC,BSc,required,Industrial Eng.;Economics;Engineering,,Excel;Power BI;Dashboards;English,accept,keyword_nollm,v3.0a439b16,4426,false,15950361c4f7b44bf998efc51a1c8c1e95299c5c,jd,,,,,,,,,,,,,none,Excel;Power BI,,,,,Dashboards,,English
enlight renewable energy|director of data center strategy development,Enlight Renewable Energy,Enlight Renewable Energy,Director of Data Center Strategy & Development,"Rosh Haayin, Center District, IL",https://www.comeet.com/jobs/enlightenergy/99.006/director-of-data-center-strategy--development/5B.A65,open,2026-09-07,2026-09-27,2026-09-27,2026-09-07,posted_date,1,,false,,1,0,,comeet,www.comeet.com,senior,15,Other,Lead,MSc,required,,,,accept,keyword_nollm,v3.0a439b16,2325,false,8a8b16073138276fd501aaf4e61401a4e80ed382,jd,,,,,,,,,,,,,none,,,,,,,,
ey|מנתח ת נתונים סניור,EY,EY,מנתח-ת נתונים סניור,Tel,https://careers.ey.com/ey/job/Tel-Aviv-%D7%9E%D7%A0%D7%AA%D7%97-%D7%AA-%D7%A0%D7%AA%D7%95%D7%A0%D7%99%D7%9D-%D7%A1%D7%A0%D7%99%D7%95%D7%A8-6706703/1216397001/,open,2026-09-07,2026-09-27,2026-09-27,2026-09-07,posted_date,1,,true,2026-08-31,1,0,,successfactors,careers.ey.com,senior,2,Other,IC,,,,,SQL;Python;Tableau;Power BI;Looker;ETL,accept,keyword_nollm,v3.0a439b16,1090,false,66b6c315981d0d1c0df08701d745131c8c64aff4,jd,,,,,,,,,,,,,none,Looker;Power BI;Tableau,SQL,ETL,,Python,,,
fetcherr|data analyst tableau,Fetcherr,Fetcherr,Data Analyst- Tableau,"Netanya, Center District, IL",https://www.comeet.com/jobs/fetcherr/68.006/data-analyst--tableau/A5.D67,open,2026-09-26,2026-09-27,2026-09-27,2026-09-26,posted_date,1,,false,,1,0,,comeet,www.comeet.com,unknown,2,BI & DWH,IC,BSc,required,,,SQL;BigQuery;Python;Tableau;ETL;Statistics;Forecasting;Dashboards,accept,keyword_nollm,v3.0a439b16,2660,false,4b25ab676308c5325ab7ac99c176ec2908e2f608,jd,,,,,,,,,,,,,none,Tableau,BigQuery;SQL,ETL,,Python,Dashboards;Forecasting;Statistics,,
fetcherr|data science team lead,Fetcherr,Fetcherr,Data Science Team Lead,"Netanya, Center District, IL",https://www.comeet.com/jobs/fetcherr/68.006/data-science-team-lead/1F.A5E,open,2026-09-25,2026-09-27,2026-09-27,2026-09-25,posted_date,1,,false,,1,0,,comeet,www.comeet.com,senior,3,Data Science,Lead,BSc,required,CS;Statistics;Math,,SQL;BigQuery;Spark;Python;Airflow;Data modeling;Git;AWS;GCP;Azure;Statistics;Machine learning;Forecasting;English,accept,keyword_nollm,v3.0a439b16,3944,false,74700563081d4aa6f71a06ca4bfd41d5d05ea5fd,jd,,,,,,,,,,,,,none,,BigQuery;SQL;Spark,Airflow;Data modeling;Git,,Python,Forecasting;Machine learning;Statistics,AWS;Azure;GCP,English
fetcherr|data scientist,Fetcherr,Fetcherr,Data Scientist,"Netanya, Center District, IL",https://www.comeet.com/jobs/fetcherr/68.006/data-scientist/B5.079,open,2026-09-26,2026-09-27,2026-09-27,2026-09-26,posted_date,1,,true,2026-08-28,1,0,,comeet,www.comeet.com,unknown,5,Data Science,IC,BSc,required,,,SQL;BigQuery;Python;Git;GCP;A/B testing;Statistics;Machine learning;Forecasting,accept,keyword_nollm,v3.0a439b16,3192,false,df0e4712b6f4043f108cce4fe947f771b2944c2c,jd,,,,,,,,,,,,,none,,BigQuery;SQL,Git,,Python,A/B testing;Forecasting;Machine learning;Statistics,GCP,
first connect insurance services|director of data,First Connect Insurance Services,First Connect Insurance Services,Director of Data,Tel Aviv,https://job-boards.greenhouse.io/firstconnectinsurance/jobs/5253345008,open,2026-06-10,2026-09-27,2026-09-27,2026-06-10,posted_date,1,,false,,1,0,,greenhouse,job-boards.greenhouse.io,senior,,Other,Lead,,,,,SQL;Snowflake;BigQuery;Redshift;PostgreSQL;Looker;Hex/Mode;ETL;dbt;Fivetran,accept,keyword_nollm,v3.0a439b16,2423,false,69ad1892cd1329f4743537783babe2a3870ab55f,jd,,,,,,,,,,,,,none,Hex/Mode;Looker,BigQuery;PostgreSQL;Redshift;SQL;Snowflake,ETL;Fivetran;dbt,,,,,
flex flextronics|material planning analyst,Flex (Flextronics),Flex (Flextronics),Material Planning Analyst,"Israel, Modiin",https://flextronics.wd1.myworkdayjobs.com/Careers/job/Israel-Modiin/Material-Planning-Analyst_WD224722,open,2026-09-03,2026-09-27,2026-09-27,2026-09-03,posted_date,1,,false,,1,0,,workday,flextronics.wd1.myworkdayjobs.com,unknown,1,Data Analyst,IC,BSc,required,,,,accept,keyword_nollm,v3.0a439b16,3817,false,45d4907010bc164ec91d10f729035d6d077ec76e,jd,,,,,,,,,,,,,none,,,,,,,,
global e|data analyst,Global-e,Global-e,Data Analyst,"Petah-Tikva, IL",https://www.comeet.com/jobs/global-e/62.002/data-analyst/10.379,open,2026-09-24,2026-09-27,2026-09-27,2026-09-24,posted_date,1,,false,,1,0,,comeet,www.comeet.com,unknown,2,Data Analyst,IC,BSc,required,Industrial Eng.;Statistics;Economics,,SQL;Excel;Google Analytics;Amplitude;Mixpanel;A/B testing;Statistics;Dashboards;English,accept,keyword_nollm,v3.0a439b16,3217,false,69133d49e7db0d27d94fd5c264730a4638b69141,jd,,,,,,,,,,,,,none,Amplitude;Excel;Google Analytics;Mixpanel,SQL,,,,A/B testing;Dashboards;Statistics,,English
global e|payment operations analyst,Global-e,Global-e,Payment Operations Analyst,"Petah-Tikva, IL",https://www.comeet.com/jobs/global-e/62.002/payment-operations-analyst/78.86C,open,2026-09-25,2026-09-27,2026-09-27,2026-09-25,posted_date,1,,false,,1,0,,comeet,www.comeet.com,unknown,2,Data Analyst,IC,BSc,required,Industrial Eng.;Economics;Engineering,,SQL;Excel,accept,keyword_nollm,v3.0a439b16,2690,false,e9e36bc741a2cce110fe2578bf3b8350ff0ecda9,jd,,,,,,,,,,,,,none,Excel,SQL,,,,,,
global e|tax operation analyst temporary position,Global-e,Global-e,Tax Operation Analyst - Temporary position,"Petah-Tikva, IL",https://www.comeet.com/jobs/global-e/62.002/tax-operation-analyst---temporary-position/A5.27F,open,2026-09-26,2026-09-27,2026-09-27,2026-09-26,posted_date,1,,true,2026-09-09,1,0,,comeet,www.comeet.com,unknown,3,Data Analyst,IC,BSc,required,,,SQL;Excel;English,accept,keyword_nollm,v3.0a439b16,3079,false,7becc3cc523a79ea33689e1f2f69e39aa3bb847c,jd,,,,,,,,,,,,,none,Excel,SQL,,,,,,English
glow|data analyst,Glow,Glow,Data Analyst,"Tel Aviv, Tel Aviv District",https://jobs.ashbyhq.com/glow/84a23842-9b5c-4dde-a9a6-11fec0bec06d,open,2026-07-21,2026-09-27,2026-09-27,2026-07-21,posted_date,1,,false,,1,0,,ashby,jobs.ashbyhq.com,unknown,3,Data Analyst,IC,,,,,SQL;Python;Data modeling,accept,keyword_nollm,v3.0a439b16,5255,false,06917a70a3c1bc78b969bc64f5e8fc4d01b09c74,jd,,,,,,,,,,,,,none,,SQL,Data modeling,,Python,,,
guardio|director of data,Guardio,Guardio,Director of Data,"Tel Aviv-Yafo, IL",https://www.comeet.com/jobs/guardio/57.000/director-of-data/C0.E6D,open,2026-09-03,2026-09-27,2026-09-27,2026-09-03,posted_date,1,,true,2026-09-04,1,0,,comeet,www.comeet.com,senior,7,Data Science,Lead,,,,,SQL;BigQuery;MySQL;ClickHouse;Python;Looker Studio;Metabase;Streamlit;Mixpanel;ETL;dbt;Forecasting;Dashboards,accept,keyword_nollm,v3.0a439b16,2684,false,034a2f04551df6bbc392b8e60bda7fe82f6cc0ac,jd,,,,,,,,,,,,,none,Looker Studio;Metabase;Mixpanel;Streamlit,BigQuery;ClickHouse;MySQL;SQL,ETL;dbt,,Python,Dashboards;Forecasting,,
guardio|senior bi engineer,Guardio,Guardio,Senior BI Engineer,"Tel Aviv-Yafo, IL",https://www.comeet.com/jobs/guardio/57.000/senior-bi-engineer/0B.B60,open,2026-09-03,2026-09-27,2026-09-27,2026-09-03,posted_date,1,,false,,1,0,,comeet,www.comeet.com,senior,5,BI & DWH,IC,,,,,SQL;Snowflake;BigQuery;Redshift;Python;ETL;dbt;Airflow;Data modeling;Data warehouse;AWS;GCP;Azure,accept,keyword_nollm,v3.0a439b16,3234,false,e76c7c280c921f03401fba2c7526ccf3af1f6d6d,jd,,,,,,,,,,,,,none,,BigQuery;Redshift;SQL;Snowflake,Airflow;Data modeling;Data warehouse;ETL;dbt,,Python,,AWS;Azure;GCP,
hello flare|senior data analyst,Flare,Flare,Senior Data Analyst,"Tel Aviv-Yafo, Tel Aviv District, IL",https://www.comeet.com/jobs/flare/36.00F/senior-data-analyst/63.D69,open,2026-07-15,2026-09-27,2026-09-27,2026-07-15,posted_date,1,,true,2026-08-29,1,0,,comeet,www.comeet.com,senior,4,Data Analyst,IC,,,,,SQL;Tableau;Data modeling;Git;A/B testing;Statistics;Cohorts & LTV;Dashboards,accept,keyword,v3.0a439b16,4654,false,94daf8a22763ae9e24c51b9d74e071efaffe2df1,jd,,,,,,,,,,,,,none,Tableau,SQL,Data modeling;Git,,,A/B testing;Cohorts & LTV;Dashboards;Statistics,,
holisto|senior data analyst,Trivago,Trivago,Senior Data Analyst,"Rishon Lezion, Israel, IL",https://www.comeet.com/jobs/trivago/76.001/senior-data-analyst/1B.27E,open,2026-09-14,2026-09-27,2026-09-27,2026-09-14,posted_date,1,,true,2026-08-31,1,0,,comeet,www.comeet.com,senior,5,Data Analyst,IC,,,,,SQL;Snowflake;BigQuery;ClickHouse;Presto/Trino/Athena;Python;Tableau;Looker;Sisense;ETL;Data modeling;Data warehouse;A/B testing;Machine learning;Dashboards,accept,keyword,v3.0a439b16,3966,false,fa3e01b411fab8f7b327f71715dadace9392958d,jd,,,,,,,,,,,,,none,Looker;Sisense;Tableau,BigQuery;ClickHouse;Presto/Trino/Athena;SQL;Snowflake,Data modeling;Data warehouse;ETL,,Python,A/B testing;Dashboards;Machine learning,,
honeybook|senior fraud analyst,HoneyBook,HoneyBook,Senior Fraud Analyst,"Tel Aviv, Gush Dan",https://jobs.ashbyhq.com/honeybook/7c1b51ec-915b-4ea7-a1f8-767069d3144e,open,2026-05-12,2026-09-27,2026-09-27,2026-05-12,posted_date,1,,false,,1,0,,ashby,jobs.ashbyhq.com,senior,5,Business Analyst,IC,BSc,required,,,SQL;Python;Tableau;Looker;Superset;Statistics;Machine learning;Dashboards,accept,keyword_nollm,v3.0a439b16,6000,true,e52d528e8fef8fac1cc62525681137849e2e8675,jd,,,,,,,,,,,,,none,Looker;Superset;Tableau,SQL,,,Python,Dashboards;Machine learning;Statistics,,
honeybook|senior product analyst,HoneyBook,HoneyBook,Senior Product Analyst,"Tel Aviv, Gush Dan",https://jobs.ashbyhq.com/honeybook/9d5a89da-0e05-4e47-8ddb-57a186895cc1,open,2026-08-25,2026-09-27,2026-09-27,2026-08-25,posted_date,1,,true,2026-08-26,1,0,,ashby,jobs.ashbyhq.com,senior,5,Product Analyst,IC,,,,,Statistics;Dashboards,accept,keyword,v3.0a439b16,5645,false,b84deca3b0cdbf5c0a8bce67640dee6d7cda7102,jd,,,,,,,,,,,,,none,,,,,,Dashboards;Statistics,,
honeycomb insurance|senior data science researcher,Honeycomb Insurance,Honeycomb Insurance,Senior Data Science Researcher,"Tel Aviv, Israel",https://job-boards.greenhouse.io/honeycombinsurance/jobs/4715073005,open,2026-09-06,2026-09-27,2026-09-27,2026-09-06,posted_date,1,,false,,1,0,,greenhouse,job-boards.greenhouse.io,senior,,Data Science,IC,MSc,required,Statistics,,Statistics,accept,keyword_nollm,v3.0a439b16,3582,false,90f22240498dd556e80b68431bb3e0f836f6ac41,jd,,,,,,,,,,,,,none,,,,,,Statistics,,
hp|head of data it strategy graphics solutions business,HP,HP,Head of Data & IT Strategy - Graphics Solutions Business,"Ness Ziona, Center District, Israel",https://hp.wd5.myworkdayjobs.com/ExternalCareerSite/job/Ness-Ziona-Center-District-Israel/Head-of-Data---IT-Strategy---Graphics-Solutions-Business_3163634-1,open,2026-08-28,2026-09-27,2026-09-27,2026-08-28,posted_date,1,,false,,1,0,,workday,hp.wd5.myworkdayjobs.com,senior,10,Other,Lead,,,,,,accept,keyword_nollm,v3.0a439b16,2404,false,9931fb33a605caedf7ec84d9de17082ec6c436c2,jd,,,,,,,,,,,,,none,,,,,,,,
istra research|quantitative data scientist,Istra Research,Istra Research,Quantitative Data Scientist,"Lod, IL",https://www.comeet.com/jobs/istra/59.009/quantitative-data-scientist/37.24B,open,2026-09-24,2026-09-27,2026-09-27,2026-09-24,posted_date,1,,false,,1,0,,comeet,www.comeet.com,unknown,,Data Science,IC,BSc,required,CS;Math;Engineering,,Statistics;Machine learning,accept,keyword_nollm,v3.0a439b16,1849,false,72581f8b01fddd0f27cc1c7e33981ea37c09deba,jd,,,,,,,,,,,,,none,,,,,,Machine learning;Statistics,,
jll|data science manager genai llms,JLL,JLL,"Data Science Manager, GenAI & LLMs","TEL AVIV, ISR",https://jll.wd1.myworkdayjobs.com/jllcareers/job/TEL-AVIV-ISR/Data-Science-Manager--GenAI---LLMs_REQ534273,open,2026-09-10,2026-09-27,2026-09-27,2026-09-10,posted_date,1,,false,,1,0,,workday,jll.wd1.myworkdayjobs.com,senior,2,Data Science,Lead,MSc,required,CS,,Forecasting,accept,keyword_nollm,v3.0a439b16,6000,true,68b6ea5f5eac0aeea2c64a59d1725d5b2fda8c6f,jd,,,,,,,,,,,,,none,,,,,,Forecasting,,
jll|senior data scientist hybrid,JLL,JLL,Senior Data Scientist (Hybrid),"TEL AVIV, ISR",https://jll.wd1.myworkdayjobs.com/jllcareers/job/TEL-AVIV-ISR/Senior-Data-Scientist_REQ494173,open,2026-09-09,2026-09-27,2026-09-27,2026-09-09,posted_date,1,,false,,1,0,,workday,jll.wd1.myworkdayjobs.com,senior,5,Data Science,IC,MSc,required,CS;Math,,Statistics;Machine learning;Forecasting,accept,keyword_nollm,v3.0a439b16,5999,false,6f68e0d5a72a40261c37f8d37e38b397a080f6d2,jd,,,,,,,,,,,,,none,,,,,,Forecasting;Machine learning;Statistics,,
kela|threat intelligence analyst,KELA,KELA,Threat intelligence Analyst,"Tel Aviv-Jaffa, Tel Aviv District, IL",https://www.comeet.com/jobs/kela/2A.004/threat-intelligence-analyst/5C.173,open,2026-09-26,2026-09-27,2026-09-27,2026-09-26,posted_date,1,,false,,1,0,,comeet,www.comeet.com,unknown,3,Data Analyst,IC,,,,,English,accept,keyword_nollm,v3.0a439b16,1750,false,eb222d35547afa3dbe166cc3fec8c7c18c5e851d,jd,,,,,,,,,,,,,none,,,,,,,,English
kla|research scientist,KLA,KLA,Research Scientist,"Migdal Ha'emek, Israel",https://kla.wd1.myworkdayjobs.com/Search/job/Migdal-Haemek-Israel/Research-Scientist_2637007-1,open,2026-08-28,2026-09-27,2026-09-27,2026-08-28,posted_date,1,,false,,1,0,,workday,kla.wd1.myworkdayjobs.com,unknown,5,Other,IC,PhD,required,Engineering,,,accept,keyword_nollm,v3.0a439b16,5264,false,3688bc32f6e7d402ae20335fcc553b0781ea5a66,jd,,,,,,,,,,,,,none,,,,,,,,
lab42|senior cyber defense analyst,lab42,lab42,Senior Cyber Defense Analyst,"Ramat Gan, Tel Aviv District, IL",https://www.comeet.com/jobs/lab42/58.001/senior-cyber-defense-analyst/4F.F6B,open,2026-08-16,2026-09-27,2026-09-27,2026-08-16,posted_date,1,,false,,1,0,,comeet,www.comeet.com,senior,,Data Analyst,IC,,,,,,accept,keyword_nollm,v3.0a439b16,2112,false,8b822893a73bf87f12323fc274dcad5777bf6c4f,jd,,,,,,,,,,,,,none,,,,,,,,
ltx|commercial operations analyst,LTX,LTX,Commercial Operations Analyst,Jerusalem,https://ltx.io/careers/position?gh_jid=8644790002&gh_jid=8644790002,open,2026-09-09,2026-09-27,2026-09-27,2026-09-09,posted_date,1,,false,,1,0,,greenhouse,ltx.io,unknown,2,Data Analyst,IC,BSc,required,Industrial Eng.;Economics;Engineering,,SQL;CRM/Salesforce;A/B testing;English,accept,keyword_nollm,v3.0a439b16,4439,false,2efb09494d7a9d355883be3f6b4f576545883e63,jd,,,,,,,,,,,,,none,,SQL,,CRM/Salesforce,,A/B testing,,English
ltx|research scientist ltx model applications,LTX,LTX,Research Scientist - LTX Model Applications,Jerusalem,https://ltx.io/careers/position?gh_jid=8439227002&gh_jid=8439227002,open,2026-09-09,2026-09-27,2026-09-27,2026-09-09,posted_date,1,,false,,1,0,,greenhouse,ltx.io,unknown,,Data Science,IC,MSc,required,CS,,A/B testing;Machine learning,accept,keyword_nollm,v3.0a439b16,3792,false,2d34223dd0fe98ed8ecbbfba7d0f89755c8b92ef,jd,,,,,,,,,,,,,none,,,,,,A/B testing;Machine learning,,
max security|geopolitical intelligence analyst,MAX Security,MAX Security,Geopolitical Intelligence Analyst,"Tel Aviv-Yafo, Tel Aviv District, IL",https://www.comeet.com/jobs/max_security/2B.004/geopolitical-intelligence-analyst/0F.27E,open,2026-09-23,2026-09-27,2026-09-27,2026-09-23,posted_date,1,,false,,1,0,,comeet,www.comeet.com,unknown,3,Data Analyst,IC,BSc,required,,,English,accept,keyword_nollm,v3.0a439b16,2889,false,fb0706a4112729da3656924624d1669115d23d17,jd,,,,,,,,,,,,,none,,,,,,,,English
max security|protective intelligence senior analyst,MAX Security,MAX Security,Protective Intelligence Senior Analyst,"Tel Aviv-Yafo, Tel Aviv District, IL",https://www.comeet.com/jobs/max_security/2B.004/protective-intelligence-senior-analyst/D0.374,open,2026-09-24,2026-09-27,2026-09-27,2026-09-24,posted_date,1,,false,,1,0,,comeet,www.comeet.com,senior,,Data Analyst,IC,BSc,required,,,English,accept,keyword_nollm,v3.0a439b16,2718,false,3ce40d8d596f3b33cbc46166548cd408bdf55d49,jd,,,,,,,,,,,,,none,,,,,,,,English
medtronic|ai data science team manager,Medtronic,Medtronic,AI/Data Science Team Manager,"Herzliya, Tel Aviv, Israel",https://medtronic.wd1.myworkdayjobs.com/medtroniccareers/job/Herzliya-Tel-Aviv-Israel/AI-Data-Science-Team-Manager_R69431,open,2026-08-28,2026-09-27,2026-09-27,2026-08-28,posted_date,1,,false,,1,0,,workday,medtronic.wd1.myworkdayjobs.com,senior,7,Data Science,Lead,MSc,required,CS;Engineering,,Python;Machine learning,accept,keyword_nollm,v3.0a439b16,4945,false,e4d050ee5445e11dccceb230e0f70691b3507af9,jd,,,,,,,,,,,,,none,,,,,Python,Machine learning,,
medtronic|contract and tender analyst 1 year contract maternity leave cover,Medtronic,Medtronic,Contract and Tender Analyst - 1 year contract (maternity leave cover),"Herzliya, Tel Aviv, Israel",https://medtronic.wd1.myworkdayjobs.com/medtroniccareers/job/Herzliya-Tel-Aviv-Israel/Contract-and-Tender-Analyst---1-year-contract--maternity-leave-cover-_R72228-2,open,2026-08-28,2026-09-27,2026-09-27,2026-08-28,posted_date,1,,false,,1,0,,workday,medtronic.wd1.myworkdayjobs.com,unknown,2,Data Analyst,IC,BSc,required,,,Excel;English,accept,keyword_nollm,v3.0a439b16,3826,false,918282939a295a6162231e7aba7161ea60091ba3,jd,,,,,,,,,,,,,none,Excel,,,,,,,English
melio|senior data analyst,Melio,Melio,Senior Data Analyst,"Tel Aviv-Yafo, Tel Aviv District, Israel",https://job-boards.greenhouse.io/melio/jobs/7820287003,open,2026-09-06,2026-09-27,2026-09-27,2026-09-06,posted_date,1,,true,2026-08-18,1,0,,greenhouse,job-boards.greenhouse.io,senior,5,Data Analyst,IC,,,,,SQL;Tableau;Redash;Data modeling;Statistics;Machine learning;Dashboards,accept,keyword,v3.0a439b16,3476,false,d389d47f478d30012f76b0071bca6ebc1ac7a59b,jd,,,,,,,,,,,,,none,Redash;Tableau,SQL,Data modeling,,,Dashboards;Machine learning;Statistics,,
micron|osint analyst remote tel aviv,Micron,Micron,OSINT Analyst - remote / Tel-Aviv,MIL - Israel Hadera - Home,https://micron.wd1.myworkdayjobs.com/External/job/MIL---Israel-Hadera---Home/OSINT-Analyst_JR109690,open,2026-08-28,2026-09-27,2026-09-27,2026-08-28,posted_date,1,,false,,1,0,,workday,micron.wd1.myworkdayjobs.com,unknown,5,Data Analyst,IC,BSc,required,,,,accept,keyword_nollm,v3.0a439b16,6000,true,ba4c7b68c1d00357bb31f4a59a6b0fa5d7e786ed,jd,,,,,,,,,,,,,none,,,,,,,,
minute media|data scientist,Minute Media,Minute Media,Data Scientist,"Tel Aviv-Yafo, Tel Aviv District, IL",https://www.comeet.com/jobs/minute/45.00A/data-scientist/79.E6F,open,2026-09-07,2026-09-27,2026-09-27,2026-09-07,posted_date,1,,false,,1,0,,comeet,www.comeet.com,unknown,4,Data Science,IC,,,,,SQL;Python;R;Google Analytics;A/B testing;Statistics;Cohorts & LTV;English,accept,keyword_nollm,v3.0a439b16,4762,false,417fe457e5de572aa614137040064f0800aaefdb,jd,,,,,,,,,,,,,none,Google Analytics,SQL,,,Python;R,A/B testing;Cohorts & LTV;Statistics,,English
mixtiles|vp data,Mixtiles,Mixtiles,VP Data,Tel-Aviv,https://www.mixtiles.com/positions/7706697002?gh_jid=7706697002,open,2026-08-31,2026-09-27,2026-09-27,2026-08-31,posted_date,1,,false,,1,0,,greenhouse,www.mixtiles.com,senior,,Other,Lead,,,,,Cohorts & LTV;Dashboards,accept,keyword_nollm,v3.0a439b16,2677,false,95b3f3c64b1bf081d7216fafd8e79511424b7fe1,jd,,,,,,,,,,,,,none,,,,,,Cohorts & LTV;Dashboards,,
mize|data analyst,Mize,Mize,Data Analyst,"Tel Aviv-Yafo, Tel Aviv District, IL",https://www.comeet.com/jobs/mize/88.000/data-analyst/6D.B6B,open,2026-09-22,2026-09-27,2026-09-27,2026-09-22,posted_date,1,,true,2026-08-25,1,0,,comeet,www.comeet.com,unknown,3,Data Analyst,IC,,,,,SQL;Excel;Dashboards;English,accept,keyword_nollm,v3.0a439b16,2564,false,2007fd485ddc231af7e045053910bb122da5ebdd,jd,,,,,,,,,,,,,none,Excel,SQL,,,,Dashboards,,English
mobileye|senior sotif analyst,Mobileye,Mobileye,Senior SOTIF Analyst,"Jerusalem, Israel",https://jobs.eu.lever.co/mobileye/fcdf3814-81f3-4802-be16-26ef77ac5ac7,open,2026-09-14,2026-09-27,2026-09-27,2026-09-14,posted_date,1,,false,,1,0,,lever,jobs.eu.lever.co,senior,5,Data Analyst,IC,BSc,required,CS;Math;Engineering,,SQL;Python;Statistics,accept,keyword_nollm,v3.0a439b16,2727,false,754205a0b0310e3116e9d1679e2ad80f37bc5e0b,jd,,,,,,,,,,,,,none,,SQL,,,Python,Statistics,,
mobileye|validation analytics tools developer,Mobileye,Mobileye,Validation Analytics Tools Developer,"Jerusalem, Israel",https://jobs.eu.lever.co/mobileye/eb0fa8ab-c69b-495b-87e2-67ce9bf6b61a,open,2026-09-02,2026-09-27,2026-09-27,2026-09-02,posted_date,1,,false,,1,0,,lever,jobs.eu.lever.co,unknown,5,Data Analyst,IC,BSc,required,CS;Engineering,,SQL;Python;ETL;AWS;Statistics;Machine learning;Dashboards,accept,keyword_nollm,v3.0a439b16,2503,false,5f604074a6fbeda20260d91104ad9df70ad64121,jd,,,,,,,,,,,,,none,,SQL,ETL,,Python,Dashboards;Machine learning;Statistics,AWS,
modellama|data analyst,Modellama,Modellama,Data Analyst,"Ra'anana, Center District, IL",https://www.comeet.com/jobs/Modellama/26.00E/data-analyst/E8.138,open,2026-09-26,2026-09-27,2026-09-27,2026-09-26,posted_date,1,,true,2026-08-25,1,0,,comeet,www.comeet.com,unknown,5,Data Analyst,IC,,,,,SQL;SQL Server;Python;A/B testing;Statistics,accept,keyword_nollm,v3.0a439b16,2250,false,30ec61082682f66508820be02250354a913e4752,jd,,,,,,,,,,,,,none,,SQL;SQL Server,,,Python,A/B testing;Statistics,,
monday com|senior marketing analytics,monday.com,monday.com,Senior Marketing Analytics,"Tel Aviv, Tel Aviv",https://jobs.ashbyhq.com/monday.com/26d533de-1cd7-403d-a1ec-7424252b025f,open,2026-09-22,2026-09-27,2026-09-27,2026-09-22,posted_date,1,,false,,1,0,,ashby,jobs.ashbyhq.com,senior,4,Marketing Analyst,IC,,,,,SQL;Snowflake;BigQuery;Python;R;Tableau;Power BI;Looker;AppsFlyer/MMP;Google Ads;Meta Ads;Data modeling;Cohorts & LTV;Dashboards,accept,keyword_nollm,v3.0a439b16,2065,false,5e3c572e003d3095c327f8c3b437aef6941e0be7,jd,,,,,,,,,,,,,none,Looker;Power BI;Tableau,BigQuery;SQL;Snowflake,Data modeling,AppsFlyer/MMP;Google Ads;Meta Ads,Python;R,Cohorts & LTV;Dashboards,,
moon active|business data analyst,Moon Active,Moon Active,Business Data Analyst,Tel Aviv,https://jobs.ashbyhq.com/moonactive/de86cb90-ce2f-4224-8cef-f722387b4a16,open,2026-07-29,2026-09-27,2026-09-27,2026-07-29,posted_date,1,,false,,1,0,,ashby,jobs.ashbyhq.com,unknown,2,Business Analyst,IC,BSc,required,Industrial Eng.;Statistics;Economics,,SQL;Python;R;A/B testing;Statistics;Dashboards,accept,keyword_nollm,v3.0a439b16,1920,false,6732c97507e43a7e93d72d5459b0a3c78dc85693,jd,,,,,,,,,,,,,none,,SQL,,,Python;R,A/B testing;Dashboards;Statistics,,
nift|data analyst,Nift,Nift,Data Analyst,Israel,https://job-boards.greenhouse.io/nift/jobs/5179925007,open,2026-08-24,2026-09-27,2026-09-27,2026-08-24,posted_date,1,,false,,1,0,,greenhouse,job-boards.greenhouse.io,unknown,5,Data Analyst,IC,,,,,SQL;Python;Statistics;Cohorts & LTV;Dashboards,accept,keyword_nollm,v3.0a439b16,3540,false,4fc830a07bbf0e4d827375ca45ab4d43aaeef0d8,jd,,,,,,,,,,,,,none,,SQL,,,Python,Cohorts & LTV;Dashboards;Statistics,,
orchid security|research analyst,orchid security,orchid security,Research Analyst,"Tel- Aviv, IL",https://www.comeet.com/jobs/orchid_security/4A.001/research-analyst/A4.F6E,open,2026-09-21,2026-09-27,2026-09-27,2026-09-21,posted_date,1,,false,,1,0,,comeet,www.comeet.com,unknown,,Data Analyst,IC,,,,,,accept,keyword_nollm,v3.0a439b16,2869,false,974ab956104f0b49b767acc4405d20bcedc0fa28,jd,,,,,,,,,,,,,none,,,,,,,,
pagayais|bi team lead,Pagayais,Pagayais,BI Team Lead,"Tel Aviv, Israel",https://job-boards.greenhouse.io/pagayais/jobs/7785835003,open,2026-09-06,2026-09-27,2026-09-27,2026-09-06,posted_date,1,,true,2026-09-04,1,0,,greenhouse,job-boards.greenhouse.io,senior,2,BI & DWH,Lead,,,,,SQL;Tableau;Looker;ETL;dbt;Airflow;Machine learning,accept,keyword_nollm,v3.0a439b16,4543,false,3bca18b3179082659338ecec2f382c06639dd816,jd,,,,,,,,,,,,,none,Looker;Tableau,SQL,Airflow;ETL;dbt,,,Machine learning,,
pagayais|data science group lead,Pagayais,Pagayais,Data Science Group Lead,"Tel Aviv, Israel",https://job-boards.greenhouse.io/pagayais/jobs/7667230003,open,2026-08-02,2026-09-27,2026-09-27,2026-08-02,posted_date,1,,false,,1,0,,greenhouse,job-boards.greenhouse.io,senior,8,Data Science,Lead,MSc,required,CS;Statistics;Math,,SQL;Python;Statistics;Machine learning,accept,keyword_nollm,v3.0a439b16,5455,false,04e45572469f8fa9950e5df30bb6932ea290333a,jd,,,,,,,,,,,,,none,,SQL,,,Python,Machine learning;Statistics,,
palo alto networks|principal product analyst cortex,Palo Alto Networks,Palo Alto Networks,Principal Product Analyst (Cortex),Office - Israel - Tel Aviv,https://paloaltonetworks.wd5.myworkdayjobs.com/panwexternalcareers/job/Office---Israel---Tel-Aviv/Principal-Product-Analyst--Cortex-XDR-_JR-019918,open,2026-08-28,2026-09-27,2026-09-27,2026-08-28,posted_date,1,,true,2026-08-23,1,0,,workday,paloaltonetworks.wd5.myworkdayjobs.com,senior,7,Product Analyst,Lead,,,,,SQL;Google Tag Manager;Dashboards,accept,keyword,v3.0a439b16,4608,false,bd6cb1a0e83755cad88784f64620bd05961d931b,jd,,,,,,,,,,,,,none,,SQL,,Google Tag Manager,,Dashboards,,
palo alto networks|principal senior data scientist llm agents,Palo Alto Networks,Palo Alto Networks,Principal/ Senior Data Scientist - LLM Agents,Office - Israel - Tel Aviv,https://paloaltonetworks.wd5.myworkdayjobs.com/panwexternalcareers/job/Office---Israel---Tel-Aviv/Principal-Senior-Data-Scientist---LLM-Agents_JR-016135,open,2026-08-28,2026-09-27,2026-09-27,2026-08-28,posted_date,1,,false,,1,0,,workday,paloaltonetworks.wd5.myworkdayjobs.com,senior,2,Data Science,Lead,MSc,required,CS;Statistics;Math,,SQL;Python;Data modeling;GCP;Statistics;Machine learning,accept,keyword_nollm,v3.0a439b16,5091,false,e444d962a8542ed6885b9ab4ccf166a38f6f602a,jd,,,,,,,,,,,,,none,,SQL,Data modeling,,Python,Machine learning;Statistics,GCP,
palo alto networks|senior principal linux security analytics researcher cortex,Palo Alto Networks,Palo Alto Networks,Senior/Principal Linux Security Analytics Researcher (Cortex),Office - Israel - Tel Aviv,https://paloaltonetworks.wd5.myworkdayjobs.com/panwexternalcareers/job/Office---Israel---Tel-Aviv/Senior-Principal-Linux-Security-Analytics-Researcher--Cortex-_JR-018658,open,2026-08-28,2026-09-27,2026-09-27,2026-08-28,posted_date,1,,false,,1,0,,workday,paloaltonetworks.wd5.myworkdayjobs.com,senior,5,Data Analyst,Lead,,,,,Python;Statistics;Machine learning,accept,keyword_nollm,v3.0a439b16,5212,false,0d4d5ee8d5de0b94e47db9c98082ae0a5d835ec6,jd,,,,,,,,,,,,,none,,,,,Python,Machine learning;Statistics,,
palo alto networks|sr data analyst,Palo Alto Networks,Palo Alto Networks,Sr Data Analyst,Office - Israel - CyberArk Petach Tikva,https://paloaltonetworks.wd5.myworkdayjobs.com/panwexternalcareers/job/Office---Israel---CyberArk-Petach-Tikva/Sr-Data-Analyst_JR-022304,open,2026-09-24,2026-09-27,2026-09-27,2026-09-24,posted_date,1,,false,,1,0,,workday,paloaltonetworks.wd5.myworkdayjobs.com,senior,5,Data Analyst,IC,BSc,required,CS;Industrial Eng.;Info Systems,,SQL;Python;Tableau;Data modeling;Dashboards,accept,keyword,v3.0a439b16,4800,false,0eb6d506c5f338cad1170ab25faadb49c09d5e2e,jd,,,,,,,,,,,,,none,Tableau,SQL,Data modeling,,Python,Dashboards,,
papaya gaming|data analyst,Papaya Gaming,Papaya Gaming,Data Analyst,"Tel Aviv-Yafo, Tel Aviv District, IL",https://www.comeet.com/jobs/papayagaming/46.00B/data-analyst/EF.27E,open,2026-09-24,2026-09-27,2026-09-27,2026-09-24,posted_date,1,,false,,1,0,,comeet,www.comeet.com,unknown,4,Data Analyst,IC,BSc,required,,,SQL;Python;A/B testing;Statistics;Dashboards,accept,keyword_nollm,v3.0a439b16,1918,false,00060ccc32e58ec476bc1c4d332d9687ae6aa43b,jd,,,,,,,,,,,,,none,,SQL,,,Python,A/B testing;Dashboards;Statistics,,
paragon|operational intelligence analyst team lead,Paragon,Paragon,Operational Intelligence Analyst Team Lead,"Tel Aviv-Yafo, Tel Aviv District, IL",https://www.comeet.com/jobs/paragon/76.006/operational-intelligence-analyst-team-lead/BE.E6C,open,2026-09-09,2026-09-27,2026-09-27,2026-09-09,posted_date,1,,false,,1,0,,comeet,www.comeet.com,senior,6,Data Analyst,Lead,,,,,English,accept,keyword_nollm,v3.0a439b16,2433,false,f4a351ea0599469a3356c0cf7ab5c10d6048fc75,jd,,,,,,,,,,,,,none,,,,,,,,English
paragon|strategic market competitor analyst,Paragon,Paragon,Strategic Market & Competitor Analyst,"Tel Aviv-Yafo, Tel Aviv District, IL",https://www.comeet.com/jobs/paragon/76.006/strategic-market--competitor-analyst/3D.17B,open,2026-09-22,2026-09-27,2026-09-27,2026-09-22,posted_date,1,,false,,1,0,,comeet,www.comeet.com,unknown,8,Data Analyst,IC,,,,,,accept,keyword_nollm,v3.0a439b16,2555,false,95cbac22ebd2aaf16279e48421c8c06a3f7616f4,jd,,,,,,,,,,,,,none,,,,,,,,
parallel wireless|senior data scientist network intelligence,Parallel Wireless,Parallel Wireless,Senior Data Scientist — Network Intelligence,Kfar Saba,https://jobs.lever.co/parallelwireless/a0e565bb-b621-4389-ab0e-111357b081e0,open,2026-08-31,2026-09-27,2026-09-27,2026-08-31,posted_date,1,,false,,1,0,,lever,jobs.lever.co,senior,5,Data Science,IC,BSc,required,CS;Engineering,,MongoDB;Elasticsearch;Python;SageMaker/Vertex AI;Kafka;A/B testing;Statistics;Machine learning;Forecasting,accept,keyword_nollm,v3.0a439b16,4381,false,036eaa3f1df7c663a4ad7c33edc4a43c2a7d6b70,jd,,,,,,,,,,,,,none,,Elasticsearch;MongoDB,Kafka,,Python;SageMaker/Vertex AI,A/B testing;Forecasting;Machine learning;Statistics,,
partnerize|product analyst,Partnerize,Partnerize,Product Analyst,"Hybrid - Tel Aviv, Israel",https://partnerize.com/company/jobs/?gh_jid=7905431003,open,2026-09-01,2026-09-27,2026-09-27,2026-09-01,posted_date,1,,true,2026-09-02,1,0,,greenhouse,partnerize.com,unknown,6,Product Analyst,IC,,,,,SQL;Snowflake;BigQuery;Redshift;Databricks;Python;dbt;A/B testing;Forecasting;Cohorts & LTV;Dashboards;English,accept,keyword_nollm,v3.0a439b16,6000,true,1dd0cafec6895c465c66f85ca4285f82108d5266,jd,,,,,,,,,,,,,none,,BigQuery;Databricks;Redshift;SQL;Snowflake,dbt,,Python,A/B testing;Cohorts & LTV;Dashboards;Forecasting,,English
passportcard|data analyst,PassportCard,PassportCard,Data Analyst,"Netanya, Center District, IL",https://www.comeet.com/jobs/passportcard/92.00A/data-analyst/0F.075,open,2026-09-23,2026-09-27,2026-09-27,2026-09-23,posted_date,1,,true,2026-09-20,1,0,,comeet,www.comeet.com,unknown,2,Data Analyst,IC,BSc,required,CS;Industrial Eng.;Statistics,,SQL;Python;Tableau;Power BI;Statistics;Dashboards,accept,keyword_nollm,v3.0a439b16,2466,false,d75d53fc7428f363c86fbc985de7bf167ee324c1,jd,,,,,,,,,,,,,none,Power BI;Tableau,SQL,,,Python,Dashboards;Statistics,,
placer ai|senior data analyst,Placer.ai,Placer.ai,Senior Data Analyst,Ramat Gan,https://placer.ai/company/we-are-hiring/?gh_jid=7993942003,open,2026-09-15,2026-09-27,2026-09-27,2026-09-15,posted_date,1,,false,,1,0,,greenhouse,placer.ai,senior,6,Data Analyst,IC,BSc,required,,,Databricks;Spark;Python;Airflow;Git;Statistics;English,accept,keyword,v3.0a439b16,4316,false,a4e3de5ccdebdf3c58ea2108608459ba8f7092f9,jd,,,,,,,,,,,,,none,,Databricks;Spark,Airflow;Git,,Python,Statistics,,English
play perfect|fraud analyst,Play Perfect,Play Perfect,Fraud Analyst,"Tel Aviv-Jaffa, Tel Aviv District, IL",https://www.comeet.com/jobs/play_perfect/69.001/fraud-analyst/14.A44,open,2026-09-23,2026-09-27,2026-09-27,2026-09-23,posted_date,1,,false,,1,0,,comeet,www.comeet.com,unknown,3,Business Analyst,IC,BSc,required,Industrial Eng.;Statistics;Engineering,,SQL;Statistics,accept,keyword_nollm,v3.0a439b16,2118,false,345dbd6595b13ec7b5a2f839cd77846e48d7bb27,jd,,,,,,,,,,,,,none,,SQL,,,,Statistics,,
play perfect|senior data scientist,Play Perfect,Play Perfect,Senior Data Scientist,"Tel Aviv-Jaffa, Tel Aviv District, IL",https://www.comeet.com/jobs/play_perfect/69.001/senior-data-scientist/BF.548,open,2026-09-26,2026-09-27,2026-09-27,2026-09-26,posted_date,1,,false,,1,0,,comeet,www.comeet.com,senior,5,Data Science,IC,BSc,required,CS;Statistics;Math,,SQL;Python;A/B testing;Statistics;Machine learning,accept,keyword_nollm,v3.0a439b16,2641,false,4c6ffa8b78bac58f0235c7d8ee1ab00e901bd1f3,jd,,,,,,,,,,,,,none,,SQL,,,Python,A/B testing;Machine learning;Statistics,,
playtika|business analyst,Playtika,Playtika,Business Analyst,Herzliya,https://www.playtika.com/position/?gh_jid=4660259101,open,2026-09-15,2026-09-27,2026-09-27,2026-09-15,posted_date,1,,true,2026-09-15,1,0,,greenhouse,www.playtika.com,unknown,3,Business Analyst,IC,BSc,required,,,SQL;Vertica;R;SAS;Excel;Tableau;Statistics;Dashboards,accept,keyword_nollm,v3.0a439b16,2912,false,1419fa017faf89dbda2982dfa833dea15ae30d8a,jd,,,,,,,,,,,,,none,Excel;Tableau,SQL;Vertica,,,R;SAS,Dashboards;Statistics,,
port|bi lead,Port,Port,BI Lead,"Tel Aviv-Yafo, Tel Aviv District, IL",https://www.comeet.com/jobs/port/59.004/bi-lead/FE.27C,open,2026-09-24,2026-09-27,2026-09-27,2026-09-24,posted_date,1,,false,,1,0,,comeet,www.comeet.com,senior,5,BI & DWH,Lead,,,,,Snowflake;dbt;Data modeling;Data warehouse;A/B testing;Dashboards,accept,keyword,v3.0a439b16,3104,false,1a5bb2a0673b3b4805df20313f15ce6eb4b1b853,jd,,,,,,,,,,,,,none,,Snowflake,Data modeling;Data warehouse;dbt,,,A/B testing;Dashboards,,
prettydamnquick|data analytics lead,PrettyDamnQuick,PrettyDamnQuick,Data Analytics Lead,"Tel Aviv-Jaffa, Tel Aviv District, IL",https://www.comeet.com/jobs/prettydamnquick/0A.00E/data-analytics-lead/2B.D6E,open,2026-07-09,2026-09-27,2026-09-27,2026-07-09,posted_date,1,,false,,1,0,,comeet,www.comeet.com,senior,6,Data Analyst,Lead,,,,,SQL;Snowflake;Python;Data modeling;A/B testing;Statistics;Cohorts & LTV;English,accept,keyword,v3.0a439b16,3955,false,f8cdbf0e9361222ec153abf81f516a0263e470d9,jd,,,,,,,,,,,,,none,,SQL;Snowflake,Data modeling,,Python,A/B testing;Cohorts & LTV;Statistics,,English
rapyd|financial operations analyst,Rapyd,Rapyd,Financial Operations Analyst,"Tel Aviv, Tel Aviv, IL",https://www.comeet.com/jobs/rapyd/73.00E/financial-operations-analyst/AC.D6A,open,2026-09-26,2026-09-27,2026-09-27,2026-09-26,posted_date,1,,false,,1,0,,comeet,www.comeet.com,unknown,5,Data Analyst,IC,,,,,Dashboards,accept,keyword_nollm,v3.0a439b16,3859,false,539a4744f38cadc64075db2a520f0ad54ee7fe8c,jd,,,,,,,,,,,,,none,,,,,,Dashboards,,
real dev|financial solutions business analyst,REAL DEV INC,REAL DEV INC,Financial Solutions & Business Analyst,"Tel Aviv-Yafo, Tel Aviv District, Israel",https://apply.workable.com/j/9188839C3E,open,2026-07-26,2026-09-27,2026-09-27,2026-07-26,posted_date,1,,false,,1,0,,workable,apply.workable.com,unknown,5,Business Analyst,IC,,,,,SQL;Excel;Google Sheets;English,accept,keyword_nollm,v3.0a439b16,3555,false,b3f55f517de1a5a744153700e7a19b46556085aa,jd,,,,,,,,,,,,,none,Excel;Google Sheets,SQL,,,,,,English
realplay|business strategy analyst,RealPlay,RealPlay,Business Strategy Analyst,"Tel Aviv-Yafo, Tel Aviv District, IL",https://www.comeet.com/jobs/realplay/9A.003/business-strategy-analyst/13.174,open,2026-09-24,2026-09-27,2026-09-27,2026-09-24,posted_date,1,,true,2026-08-30,1,0,,comeet,www.comeet.com,unknown,,Data Analyst,IC,,,,,SQL;Python;Looker;A/B testing;Statistics;Dashboards,accept,keyword_nollm,v3.0a439b16,2701,false,84cc8dc0456a41ae3f2103887d52e4add24427fc,jd,,,,,,,,,,,,,none,Looker,SQL,,,Python,A/B testing;Dashboards;Statistics,,
rounds|senior business analyst,Rounds,Rounds,Senior Business Analyst,"Tel Aviv, Israel, IL",https://www.comeet.com/jobs/rounds/59.005/senior-business-analyst/67.C6A,open,2026-09-07,2026-09-27,2026-09-27,2026-09-07,posted_date,1,,true,2026-09-03,1,0,,comeet,www.comeet.com,senior,5,Business Analyst,IC,,,,,SQL;Tableau;Looker;Machine learning;Forecasting;Cohorts & LTV;Dashboards;English,accept,keyword,v3.0a439b16,3022,false,4193b091b7bb7dd86ffbfcc750f0cd9c87844006,jd,,,,,,,,,,,,,none,Looker;Tableau,SQL,,,,Cohorts & LTV;Dashboards;Forecasting;Machine learning,,English
rounds|senior product analyst,Rounds,Rounds,Senior Product Analyst,"Tel Aviv, Israel, IL",https://www.comeet.com/jobs/rounds/59.005/senior-product-analyst/E3.E6D,open,2026-09-02,2026-09-27,2026-09-27,2026-09-02,posted_date,1,,true,2026-08-28,1,0,,comeet,www.comeet.com,senior,5,Product Analyst,IC,,,,,SQL;Tableau;Looker;A/B testing;Machine learning;Dashboards;English,accept,keyword,v3.0a439b16,3534,false,3f4da20a9779882f55dbef1364596f5aea63f49b,jd,,,,,,,,,,,,,none,Looker;Tableau,SQL,,,,A/B testing;Dashboards;Machine learning,,English
scopely|senior product analyst stumble guys,Scopely,Scopely,Senior Product Analyst - Stumble Guys!,"IL - Tel Aviv, Israel",https://job-boards.greenhouse.io/scopely/jobs/5384531008?gh_jid=5384531008,open,2026-08-11,2026-09-27,2026-09-27,2026-08-11,posted_date,1,,false,,1,0,,greenhouse,job-boards.greenhouse.io,senior,,Product Analyst,IC,,,,,SQL;BigQuery;Python;R;Looker;Hex/Mode;Data modeling;GCP;A/B testing;Statistics;Dashboards;English,accept,keyword,v3.0a439b16,5409,false,9b13313208f7a6a3878e23c66b6d8b828af88b83,jd,,,,,,,,,,,,,none,Hex/Mode;Looker,BigQuery;SQL,Data modeling,,Python;R,A/B testing;Dashboards;Statistics,GCP,English
sentinelone|dfir analyst,SentinelOne,SentinelOne,DFIR Analyst,Israel,https://www.sentinelone.com/jobs/?gh_jid=7990052003,open,2026-09-10,2026-09-27,2026-09-27,2026-09-10,posted_date,1,,false,,1,0,,greenhouse,www.sentinelone.com,unknown,,Data Analyst,IC,BSc,required,,,AWS;GCP;Azure,accept,keyword_nollm,v3.0a439b16,6000,true,d680d559ce5e70fdfa1a9da16e02b2b46f076f03,jd,,,,,,,,,,,,,none,,,,,,,AWS;Azure;GCP,
similarweb|big data analyst,Similarweb,Similarweb,Big Data Analyst,Tel Aviv-Yafo,https://job-boards.greenhouse.io/similarweb/jobs/6897277,open,2026-05-03,2026-09-27,2026-09-27,2026-05-03,posted_date,1,,false,,1,0,,greenhouse,job-boards.greenhouse.io,unknown,4,Data Analyst,IC,BSc,required,CS;Statistics;Engineering,,SQL;Spark;Python;AWS;Statistics;English,accept,keyword_nollm,v3.0a439b16,4668,false,72cc26fd787088199b8cbb62c2251ff469af3fa6,jd,,,,,,,,,,,,,none,,SQL;Spark,,,Python,Statistics,AWS,English
similarweb|data scientist,Similarweb,Similarweb,Data Scientist,"Tel Aviv-Yafo, Israel",https://job-boards.greenhouse.io/similarweb/jobs/6829705,open,2026-04-29,2026-09-27,2026-09-27,2026-04-29,posted_date,1,,false,,1,0,,greenhouse,job-boards.greenhouse.io,unknown,3,Data Science,IC,MSc,required,CS;Math,,Spark;Python;R;Data modeling;AWS;Statistics;Machine learning,accept,keyword_nollm,v3.0a439b16,4662,false,802b7735fb255094ff6b366524b7b4f6b773fa1d,jd,,,,,,,,,,,,,none,,Spark,Data modeling,,Python;R,Machine learning;Statistics,AWS,
similarweb|data scientist team manager,Similarweb,Similarweb,Data Scientist Team Manager,Tel Aviv,https://job-boards.greenhouse.io/similarweb/jobs/8222946,open,2026-09-22,2026-09-27,2026-09-27,2026-09-22,posted_date,1,,false,,1,0,,greenhouse,job-boards.greenhouse.io,senior,3,Data Science,Lead,MSc,required,CS;Math;Engineering,,Statistics;Machine learning,accept,keyword_nollm,v3.0a439b16,4265,false,5e940963477250fe8d962036fa88368df296e5a3,jd,,,,,,,,,,,,,none,,,,,,Machine learning;Statistics,,
similarweb|director of business analytics,Similarweb,Similarweb,Director of Business Analytics,Tel Aviv,https://job-boards.greenhouse.io/similarweb/jobs/8152675,open,2026-09-14,2026-09-27,2026-09-27,2026-09-14,posted_date,1,,false,,1,0,,greenhouse,job-boards.greenhouse.io,senior,5,Data Analyst,Lead,BSc,required,,,SQL;Excel;Tableau;Looker;Google Sheets;Google Tag Manager;CRM/Salesforce;Statistics;Forecasting;Cohorts & LTV;Dashboards,accept,keyword_nollm,v3.0a439b16,4234,false,3a50828eb820ec2f0ae1ec07ca0c6066b201d530,jd,,,,,,,,,,,,,none,Excel;Google Sheets;Looker;Tableau,SQL,,CRM/Salesforce;Google Tag Manager,,Cohorts & LTV;Dashboards;Forecasting;Statistics,,
similarweb|ml big data analyst,Similarweb,Similarweb,ML & Big Data Analyst,"Tel Aviv, Israel",https://job-boards.greenhouse.io/similarweb/jobs/8124606,open,2026-09-16,2026-09-27,2026-09-27,2026-09-16,posted_date,1,,false,,1,0,,greenhouse,job-boards.greenhouse.io,unknown,5,Data Science,IC,,,,,SQL;Spark;Python;AWS;Statistics;English,accept,keyword_nollm,v3.0a439b16,4138,false,6ef4fc3cbcaed1cf71a9b0d172ccfb0c599a6e31,jd,,,,,,,,,,,,,none,,SQL;Spark,,,Python,Statistics,AWS,English
similarweb|product analyst,Similarweb,Similarweb,Product Analyst,"Tel Aviv, Israel",https://job-boards.greenhouse.io/similarweb/jobs/7548388,open,2026-04-29,2026-09-27,2026-09-27,2026-04-29,posted_date,1,,false,,1,0,,greenhouse,job-boards.greenhouse.io,unknown,2,Product Analyst,IC,BSc,required,Industrial Eng.;Statistics;Economics,,SQL;Tableau;Looker;Statistics;Cohorts & LTV,accept,keyword_nollm,v3.0a439b16,3355,false,4542a1c1b38edc5b4be9bc5e503db4de9738f28e,jd,,,,,,,,,,,,,none,Looker;Tableau,SQL,,,,Cohorts & LTV;Statistics,,
sunflower|bi developer,Sunflower,Sunflower,BI Developer,"Tel Aviv-Yafo, Tel Aviv District, IL",https://www.comeet.com/jobs/sunflower/AA.009/bi-developer/0D.A61,open,2026-08-06,2026-09-27,2026-09-27,2026-08-06,posted_date,1,,false,,1,0,,comeet,www.comeet.com,unknown,4,BI & DWH,IC,,,,,SQL;BigQuery;Looker;ETL;dbt;Airflow;Data modeling;Data warehouse;Dashboards,accept,keyword_nollm,v3.0a439b16,1279,false,a16cd9d6b966c99769c9966c502d7421c52e8d11,jd,,,,,,,,,,,,,none,Looker,BigQuery;SQL,Airflow;Data modeling;Data warehouse;ETL;dbt,,,Dashboards,,
sunflower|bi developer payments,Sunflower,Sunflower,BI Developer - Payments,"Tel Aviv-Yafo, Tel Aviv District, IL",https://www.comeet.com/jobs/sunflower/AA.009/bi-developer---payments/81.B6A,open,2026-08-06,2026-09-27,2026-09-27,2026-08-06,posted_date,1,,false,,1,0,,comeet,www.comeet.com,unknown,3,BI & DWH,IC,,,,,BigQuery;Looker;dbt;Dashboards,accept,keyword_nollm,v3.0a439b16,2712,false,cb74bf9f4ef39e19a098b44807a530734977900e,jd,,,,,,,,,,,,,none,Looker,BigQuery,dbt,,,Dashboards,,
sunflower|business analyst,Sunflower,Sunflower,Business Analyst,"Tel Aviv-Yafo, Tel Aviv District, IL",https://www.comeet.com/jobs/sunflower/AA.009/business-analyst/01.F5D,open,2026-08-06,2026-09-27,2026-09-27,2026-08-06,posted_date,1,,false,,1,0,,comeet,www.comeet.com,unknown,4,Business Analyst,IC,,,,,SQL;Python;Tableau;Looker;CRM/Salesforce;AWS;GCP;A/B testing;Statistics;Dashboards,accept,keyword_nollm,v3.0a439b16,1421,false,8b9bd48049ca89732c58092920e8ddb64b240499,jd,,,,,,,,,,,,,none,Looker;Tableau,SQL,,CRM/Salesforce,Python,A/B testing;Dashboards;Statistics,AWS;GCP,
sunflower|marketing analyst,Sunflower,Sunflower,Marketing Analyst,"Tel Aviv-Yafo, Tel Aviv District, IL",https://www.comeet.com/jobs/sunflower/AA.009/marketing-analyst/11.F50,open,2026-06-03,2026-09-27,2026-09-27,2026-06-03,posted_date,1,,false,,1,0,,comeet,www.comeet.com,unknown,2,Marketing Analyst,IC,,,,,SQL;Python;Tableau;Looker;CRM/Salesforce;Dashboards,accept,keyword_nollm,v3.0a439b16,1160,false,7d98e45826f482c6b1d68b74cb44096ff484d744,jd,,,,,,,,,,,,,none,Looker;Tableau,SQL,,CRM/Salesforce,Python,Dashboards,,
sunflower|payment data analyst,Sunflower,Sunflower,Payment Data Analyst,"Tel Aviv-Yafo, Tel Aviv District, IL",https://www.comeet.com/jobs/sunflower/AA.009/payment-data-analyst/72.271,open,2026-09-14,2026-09-27,2026-09-27,2026-09-14,posted_date,1,,true,2026-09-15,1,0,,comeet,www.comeet.com,unknown,2,Data Analyst,IC,,,,,SQL;BigQuery;Python;ETL;AWS;GCP;A/B testing;Statistics;Dashboards,accept,keyword_nollm,v3.0a439b16,2037,false,3167077156d896190dd586e63acc6f2b1bac3ab7,jd,,,,,,,,,,,,,none,,BigQuery;SQL,ETL,,Python,A/B testing;Dashboards;Statistics,AWS;GCP,
superplay|head of data,SuperPlay,SuperPlay,Head of Data,"Tel Aviv-Yafo, Tel Aviv District, IL",https://www.comeet.com/jobs/superplay/28.003/head-of-data/FB.F66,open,2026-09-23,2026-09-27,2026-09-27,2026-09-23,posted_date,1,,false,,1,0,,comeet,www.comeet.com,senior,7,Other,Lead,,,,,SQL;BigQuery;Python;Looker;Mixpanel;ETL;dbt;Airflow;Data warehouse;Dashboards,accept,keyword_nollm,v3.0a439b16,3275,false,c8afa323474fb3fba8e6b13adcbd2f9f24c5b406,jd,,,,,,,,,,,,,none,Looker;Mixpanel,BigQuery;SQL,Airflow;Data warehouse;ETL;dbt,,Python,Dashboards,,
tavily|data analyst,Tavily,Tavily,Data Analyst,Israel,https://jobs.ashbyhq.com/tavily/9d01e3b7-8113-4242-8ed1-ec10427db469,open,2026-04-07,2026-09-27,2026-09-27,2026-04-07,posted_date,1,,false,,1,0,,ashby,jobs.ashbyhq.com,unknown,3,Data Analyst,IC,BSc,required,CS;Statistics;Math,,SQL;Snowflake;Databricks;Python;Google Tag Manager;Git;Statistics;Dashboards,accept,keyword_nollm,v3.0a439b16,1434,false,464832cf71151951a44e4f7835ef71f2d71bd1fc,jd,,,,,,,,,,,,,none,,Databricks;SQL;Snowflake,Git,Google Tag Manager,Python,Dashboards;Statistics,,
tavily|data scientist,Tavily,Tavily,Data Scientist,Tel Aviv,https://jobs.ashbyhq.com/tavily/3b3b6621-e607-4b04-815e-e46ad4350cd7,open,2026-03-26,2026-09-27,2026-09-27,2026-03-26,posted_date,1,,false,,1,0,,ashby,jobs.ashbyhq.com,unknown,3,Data Science,IC,BSc,required,CS;Statistics;Math,,SQL;Snowflake;Databricks;Python;Google Tag Manager;Git;Statistics;Machine learning,accept,keyword_nollm,v3.0a439b16,2254,false,6d9b8418f523a537a99e84a758ec580d84e254d0,jd,,,,,,,,,,,,,none,,Databricks;SQL;Snowflake,Git,Google Tag Manager,Python,Machine learning;Statistics,,
team8|briya medical data analyst,Team8,Team8,Briya- Medical Data Analyst,"Tel Aviv-Yafo, Tel Aviv District, IL",https://www.comeet.com/jobs/team8/61.003/briya--medical-data-analyst/13.B6B,open,2026-09-26,2026-09-27,2026-09-27,2026-09-26,posted_date,1,,true,2026-08-17,1,0,,comeet,www.comeet.com,unknown,3,Data Analyst,IC,,,,,SQL;Python;R,accept,adjudicated,v3.0a439b16,1703,false,9c75856bef9b87cebcc202f3d04e425352a62eae,jd,,,,,,,,,,,,,none,,SQL,,,Python;R,,,
techbiz global|data analyst,TechBiz Global,TechBiz Global,Data Analyst,"Raanana, Center District, HaMerkaz, Israel",https://jobs.techbiz.global/o/data-analyst,open,2026-08-05,2026-09-27,2026-09-27,2026-08-05,posted_date,1,,false,,1,0,,recruitee,jobs.techbiz.global,unknown,5,Data Analyst,IC,,,,,SQL;SQL Server;Python;R;Data modeling;Statistics;Dashboards,accept,keyword_nollm,v3.0a439b16,906,false,03deddccca51023eef6a2d98961dd2a4acf82abd,jd,,,,,,,,,,,,,none,,SQL;SQL Server,Data modeling,,Python;R,Dashboards;Statistics,,
thales|principal business intelligence product operation,Thales,Thales,Principal Business Intelligence & Product Operation,TEL AVIV,https://thales.wd3.myworkdayjobs.com/Careers/job/TEL-AVIV/Data-Security-Strategy---GTM-Lead_R0336730,open,2026-09-01,2026-09-27,2026-09-27,2026-09-01,posted_date,1,,false,,1,0,,workday,thales.wd3.myworkdayjobs.com,senior,10,BI & DWH,Lead,,,,,SQL;Tableau;Power BI;Google Tag Manager,accept,keyword,v3.0a439b16,4388,false,f97c678e152a104fc67cdedc1d1cc81639235033,jd,,,,,,,,,,,,,none,Power BI;Tableau,SQL,,Google Tag Manager,,,,
tipalti|applied ai scientist,Tipalti,Tipalti,Applied AI Scientist,"Tel Aviv District, Israel",https://tipalti.com/jobs/?gh_jid=6201950004,open,2026-09-22,2026-09-27,2026-09-27,2026-09-22,posted_date,1,,false,,1,0,,greenhouse,tipalti.com,unknown,3,Data Science,IC,BSc,required,CS;Engineering,,SQL;Python;AWS;Statistics;Cohorts & LTV,accept,keyword_nollm,v3.0a439b16,2807,false,ca71030127f908f0fcfc4fd794f90112d01c4f1d,jd,,,,,,,,,,,,,none,,SQL,,,Python,Cohorts & LTV;Statistics,AWS,
torq|product analyst,Torq,Torq,Product Analyst,Tel Aviv,https://job-boards.greenhouse.io/torq/jobs/6177745004,open,2026-09-02,2026-09-27,2026-09-27,2026-09-02,posted_date,1,,true,2026-09-02,1,0,,greenhouse,job-boards.greenhouse.io,unknown,3,Product Analyst,IC,,,,,SQL;Tableau;Power BI;Looker;Amplitude;CRM/Salesforce;ETL;Data modeling;A/B testing;Dashboards,accept,keyword_nollm,v3.0a439b16,3669,false,d425026ffecc61e71178766a9d44bbe111cff4af,jd,,,,,,,,,,,,,none,Amplitude;Looker;Power BI;Tableau,SQL,Data modeling;ETL,CRM/Salesforce,,A/B testing;Dashboards,,
torq|product analyst team lead,Torq,Torq,Product Analyst Team Lead,Tel Aviv,https://job-boards.greenhouse.io/torq/jobs/6177808004,open,2026-09-15,2026-09-27,2026-09-27,2026-09-15,posted_date,1,,true,2026-09-02,1,0,,greenhouse,job-boards.greenhouse.io,senior,4,Product Analyst,Lead,,,,,SQL;Python;Tableau;Power BI;Looker;ETL,accept,keyword,v3.0a439b16,3378,false,a70176a87b7db7a2779c13a49f803fc83231ab33,jd,,,,,,,,,,,,,none,Looker;Power BI;Tableau,SQL,ETL,,Python,,,
transmit security|engineering team lead data science team,Transmit Security,Transmit Security,Engineering Team Lead - Data Science Team,"Tel Aviv-Yafo, Gush Dan, Israel",https://www.transmitsecurity.com/about/careers/job?gh_jid=8539030002,open,2026-09-17,2026-09-27,2026-09-27,2026-09-17,posted_date,1,,false,,1,0,,greenhouse,www.transmitsecurity.com,senior,2,Data Science,Lead,BSc,required,CS,,SQL;PostgreSQL;Spark;Python;Scala;Java;Airflow;Kafka;AWS;GCP;Azure,accept,keyword_nollm,v3.0a439b16,3408,false,4fdea72a5eed8f68f700b14c3665acf6c85eb46a,jd,,,,,,,,,,,,,none,,PostgreSQL;SQL;Spark,Airflow;Kafka,,Java;Python;Scala,,AWS;Azure;GCP,
vectorious medical|analyst accounts payable accounting systems transition fix temporary minimum 6 month,Vectorious Medical Technologies,Vectorious Medical Technologies,"Analyst, Accounts Payable & Accounting Systems Transition- Fix Temporary- minimum 6 month","Tel Aviv-Yafo, Tel Aviv District, IL",https://www.comeet.com/jobs/vectoriousmedtech/68.003/analyst-accounts-payable--accounting-systems-transition--fix-temporary--minimum-6-month/4C.170,open,2026-09-14,2026-09-27,2026-09-27,2026-09-14,posted_date,1,,false,,1,0,,comeet,www.comeet.com,unknown,2,Data Analyst,IC,BSc,required,Economics;Business;Finance,,Excel;English,accept,keyword_nollm,v3.0a439b16,1291,false,6752c067743957d5e572110914ee1cae1815cf89,jd,,,,,,,,,,,,,none,Excel,,,,,,,English
west pharmaceutical services|inventory logistics analyst,West Pharmaceutical Services,West Pharmaceutical Services,Inventory & Logistics Analyst,"Shlomi, ISR, IL",https://careers.westpharma.com/job/Shlomi-Inventory-&-Logistics-Analyst-ISR/1410472133/,open,,2026-09-27,2026-09-27,2026-09-27,first_seen_oldest_for_company,1,,false,,1,0,,successfactors,careers.westpharma.com,unknown,1,Data Analyst,IC,BSc,required,Industrial Eng.;Engineering,,SAP ERP;Dashboards;English,accept,keyword_nollm,v3.0a439b16,5000,false,44767b37867a344ab102132d9a1823904b339e0f,jd,,,,,,,,,,,,,none,,,,SAP ERP,,Dashboards,,English
wix|performance marketing analyst base44,Wix,Wix,Performance Marketing Analyst - Base44,"Tel Aviv, , Israel",https://jobs.smartrecruiters.com/Wix2/744000151022358,open,2026-09-22,2026-09-27,2026-09-27,2026-09-22,posted_date,1,,false,,1,0,,smartrecruiters,jobs.smartrecruiters.com,unknown,2,Marketing Analyst,IC,MSc,required,,,SQL;Excel;Google Sheets;Google Ads;Cohorts & LTV;English,accept,keyword_nollm,v3.0a439b16,2083,false,0a9d4785bff2ec209d6b9653fad2b2a0448a22fb,jd,,,,,,,,,,,,,none,Excel;Google Sheets,SQL,,Google Ads,,Cohorts & LTV,,English
yotpo|director of data,Yotpo,Yotpo,Director of Data,Tel Aviv,https://www.yotpo.com/careers/gid-8143530?gh_jid=8143530,open,2026-08-20,2026-09-27,2026-09-27,2026-08-20,posted_date,1,,false,,1,0,,greenhouse,www.yotpo.com,senior,8,Data Science,Lead,,,,,Snowflake;Databricks;Google Tag Manager;dbt;Airflow;Kafka,accept,keyword_nollm,v3.0a439b16,5013,false,d78148e30208732bcd23263e8b69a5793fb71d0d,jd,,,,,,,,,,,,,none,,Databricks;Snowflake,Airflow;Kafka;dbt,Google Tag Manager,,,,
